"","quad","year","quadname","trackID","area","survives","age","distEdgeMin","allEdge","Grazing","Group"
"1","q21",34,"e1q4.1",17,60.71061,0,1,7.70546722412109,0,"No","lb1"
"2","q21",34,"e1q4.1",18,94.36138,1,1,3.34566640853882,0,"No","lb1"
"3","q21",34,"e1q4.1",6,20.27935,1,1,10.3988342285156,0,"No","lb1"
"4","q21",48,"e1q4.1",34,222.0582,1,9,3.02087664604187,0,"No","lb1"
"5","q21",41,"e1q4.1",26,24.69319,0,2,14.3740768432617,0,"No","lb1"
"6","q21",55,"e1q4.1",39,2.899262,0,12,2.80746459960938,1,"No","lb1"
"7","q21",55,"e1q4.1",62,5.467085,1,2,14.793098449707,0,"No","lb1"
"8","q21",55,"e1q4.1",29,10.5062586,0,16,23.1156234741211,0,"No","lb1"
"9","q21",55,"e1q4.1",6,31.0121686,1,22,-0.0344009399414062,0,"No","lb1"
"10","q21",55,"e1q4.1",60,3.721301,1,2,11.6310501098633,0,"No","lb1"
"11","q21",55,"e1q4.1",25,22.258597,1,16,3.70585632324219,0,"No","lb1"
"12","q21",55,"e1q4.1",61,4.899311,1,2,28.4386901855469,0,"No","lb1"
"13","q21",55,"e1q4.1",44,48.9266,1,8,35.7444038391113,0,"No","lb1"
"14","q21",55,"e1q4.1",24,100.924181,1,16,6.45124816894531,0,"No","lb1"
"15","q21",55,"e1q4.1",43,87.473359,1,8,33.4523696899414,0,"No","lb1"
"16","q21",55,"e1q4.1",20,98.38534,1,19,2.00072717666626,0,"No","lb1"
"17","q21",55,"e1q4.1",21,25.635768,1,16,0.559715270996094,0,"No","lb1"
"18","q21",55,"e1q4.1",33,76.733762,1,16,8.70250701904297,0,"No","lb1"
"19","q21",55,"e1q4.1",31,239.813712,1,16,5.45802307128906,0,"No","lb1"
"20","q21",55,"e1q4.1",48,15.58248,1,6,7.13370752334595,0,"No","lb1"
"21","q21",55,"e1q4.1",50,21.017202,1,5,19.6123046875,0,"No","lb1"
"22","q21",55,"e1q4.1",45,175.15199,1,8,0.036452267318964,0,"No","lb1"
"23","q21",55,"e1q4.1",59,7.051533,1,2,4.77152967453003,0,"No","lb1"
"24","q21",55,"e1q4.1",56,15.396774,1,4,34.9436340332031,0,"No","lb1"
"25","q21",55,"e1q4.1",54,25.10104,1,5,-0.0689097791910172,1,"No","lb1"
"26","q21",55,"e1q4.1",34,33.39357,1,16,14.1148071289062,0,"No","lb1"
"27","q21",55,"e1q4.1",22,153.72346,1,16,-0.248802185058594,0,"No","lb1"
"28","q21",55,"e1q4.1",51,55.44404,1,5,0.0223993454128504,0,"No","lb1"
"29","q21",42,"e1q4.1",36,59.97174,1,2,0.435661315917969,0,"No","lb1"
"30","q21",42,"e1q4.1",20,80.06492,1,6,3.51968479156494,0,"No","lb1"
"31","q21",35,"e1q4.1",18,26.41112,1,2,4.23444366455078,0,"No","lb1"
"32","q21",35,"e1q4.1",6,11.0016,1,2,6.01095581054688,0,"No","lb1"
"33","q21",56,"e1q4.1",61,2.945834,0,3,27.5054779052734,0,"No","lb1"
"34","q21",49,"e1q4.1",6,31.510758,1,16,0.13525390625,0,"No","lb1"
"35","q21",49,"e1q4.1",21,70.36552,1,10,0.0183334350585938,0,"No","lb1"
"36","q21",49,"e1q4.1",44,21.36736,1,2,38.1807250976562,0,"No","lb1"
"37","q21",49,"e1q4.1",29,71.62491,1,10,22.4084014892578,0,"No","lb1"
"38","q21",49,"e1q4.1",24,150.0734,1,10,6.84352874755859,0,"No","lb1"
"39","q21",49,"e1q4.1",22,156.62004,1,10,0.120697021484375,0,"No","lb1"
"40","q21",49,"e1q4.1",37,41.09076,1,7,0.895554721355438,0,"No","lb1"
"41","q21",49,"e1q4.1",31,230.9272,1,10,12.1200180053711,0,"No","lb1"
"42","q21",49,"e1q4.1",43,30.65276,1,2,44.3651313781738,0,"No","lb1"
"43","q21",49,"e1q4.1",20,83.22653,1,13,0.723902225494385,0,"No","lb1"
"44","q21",49,"e1q4.1",34,205.59396,1,10,3.32101464271545,0,"No","lb1"
"45","q21",49,"e1q4.1",33,147.6003,1,10,5.05817413330078,0,"No","lb1"
"46","q21",49,"e1q4.1",39,43.94467,1,6,-0.151878356933594,0,"No","lb1"
"47","q21",49,"e1q4.1",25,181.54759,1,10,2.55843353271484,0,"No","lb1"
"48","q21",36,"e1q4.1",18,21.90741,1,3,2.2425012588501,0,"No","lb1"
"49","q21",36,"e1q4.1",6,26.79545,1,3,4.30419158935547,0,"No","lb1"
"50","q21",36,"e1q4.1",19,21.31911,0,1,31.140022277832,0,"No","lb1"
"51","q21",43,"e1q4.1",36,65.02607,1,3,0.380195617675781,0,"No","lb1"
"52","q21",43,"e1q4.1",20,35.93612,1,7,2.99789690971375,0,"No","lb1"
"53","q21",43,"e1q4.1",32,37.38192,1,4,18.1387176513672,0,"No","lb1"
"54","q21",43,"e1q4.1",31,117.36423,1,4,16.8680572509766,0,"No","lb1"
"55","q21",43,"e1q4.1",34,55.68511,1,4,10.0321884155273,0,"No","lb1"
"56","q21",43,"e1q4.1",29,48.98088,1,4,22.8761291503906,0,"No","lb1"
"57","q21",37,"e1q4.1",6,61.78376,1,4,3.96135711669922,0,"No","lb1"
"58","q21",37,"e1q4.1",20,23.94982,1,1,-0.053023025393486,1,"No","lb1"
"59","q21",37,"e1q4.1",18,47.53263,1,4,1.22871077060699,0,"No","lb1"
"60","q21",56,"e1q4.1",50,5.802366,1,6,24.0937271118164,0,"No","lb1"
"61","q21",56,"e1q4.1",21,2.681295,0,17,3.87682342529297,0,"No","lb1"
"62","q21",56,"e1q4.1",48,2.337263,1,7,7.85647630691528,0,"No","lb1"
"63","q21",56,"e1q4.1",56,9.217468,1,5,33.4829635620117,0,"No","lb1"
"64","q21",56,"e1q4.1",51,29.72948,1,6,5.01736307144165,0,"No","lb1"
"65","q21",56,"e1q4.1",54,25.382869,0,6,-0.00251477584242821,1,"No","lb1"
"66","q21",56,"e1q4.1",6,26.135384,1,23,0.491691589355469,0,"No","lb1"
"67","q21",56,"e1q4.1",45,123.858089,1,9,-1.69029819965363,0,"No","lb1"
"68","q21",56,"e1q4.1",44,28.62252,1,9,37.184944152832,0,"No","lb1"
"69","q21",56,"e1q4.1",43,66.520343,1,9,31.4569396972656,0,"No","lb1"
"70","q21",56,"e1q4.1",59,3.603111,0,3,7.25642967224121,0,"No","lb1"
"71","q21",56,"e1q4.1",63,6.223564,0,1,24.8714179992676,0,"No","lb1"
"72","q21",56,"e1q4.1",34,23.451227,1,17,14.7343826293945,0,"No","lb1"
"73","q21",40,"e1q4.1",35,1.679919,0,1,9.76850318908691,0,"No","lb1"
"74","q21",38,"e1q4.1",20,32.74408,1,2,-0.00246053584851325,1,"No","lb1"
"75","q21",38,"e1q4.1",6,107.5887,1,5,2.16246795654297,0,"No","lb1"
"76","q21",38,"e1q4.1",18,74.76353,1,5,-0.00480696465820074,0,"No","lb1"
"77","q21",50,"e1q4.1",20,59.26305,1,14,0.380360454320908,0,"No","lb1"
"78","q21",50,"e1q4.1",44,64.7226,1,3,38.2167663574219,0,"No","lb1"
"79","q21",50,"e1q4.1",21,123.7128,1,11,-0.150230407714844,0,"No","lb1"
"80","q21",50,"e1q4.1",24,179.883,1,11,6.80664825439453,0,"No","lb1"
"81","q21",50,"e1q4.1",6,37.91495,1,17,11.304801940918,0,"No","lb1"
"82","q21",50,"e1q4.1",45,31.535775,1,3,-0.410605669021606,0,"No","lb1"
"83","q21",50,"e1q4.1",33,166.47,1,11,1.61698257923126,0,"No","lb1"
"84","q21",50,"e1q4.1",43,68.243,1,3,40.0037879943848,0,"No","lb1"
"85","q21",39,"e1q4.1",6,130.4947,1,6,4.46022033691406,0,"No","lb1"
"86","q21",39,"e1q4.1",18,68.7293,1,6,0.739922881126404,0,"No","lb1"
"87","q21",50,"e1q4.1",25,157.07834,1,11,0.728080749511719,0,"No","lb1"
"88","q21",50,"e1q4.1",48,9.268274,1,1,-0.646854043006897,1,"No","lb1"
"89","q21",50,"e1q4.1",34,187.96591,1,11,0.76658570766449,0,"No","lb1"
"90","q21",50,"e1q4.1",31,304.2322,1,11,11.5460662841797,0,"No","lb1"
"91","q21",50,"e1q4.1",29,135.0638,1,11,23.5143890380859,0,"No","lb1"
"92","q21",50,"e1q4.1",22,179.18671,1,11,-0.889373779296875,0,"No","lb1"
"93","q21",44,"e1q4.1",24,36.38481,1,5,7.79916381835938,0,"No","lb1"
"94","q21",44,"e1q4.1",39,16.72898,1,1,-0.0793914794921875,1,"No","lb1"
"95","q21",44,"e1q4.1",37,13.3649,1,2,1.85617339611053,0,"No","lb1"
"96","q21",44,"e1q4.1",20,53.67698,1,8,3.58992528915405,0,"No","lb1"
"97","q21",44,"e1q4.1",29,40.25068,1,5,23.0998764038086,0,"No","lb1"
"98","q21",40,"e1q4.1",27,6.226099,0,1,10.532356262207,0,"No","lb1"
"99","q21",40,"e1q4.1",23,4.566133,0,1,4.99559783935547,0,"No","lb1"
"100","q21",40,"e1q4.1",25,12.61773,1,1,13.4485931396484,0,"No","lb1"
"101","q21",40,"e1q4.1",26,12.39471,1,1,15.5029678344727,0,"No","lb1"
"102","q21",40,"e1q4.1",28,3.383582,0,1,16.0047073364258,0,"No","lb1"
"103","q21",40,"e1q4.1",18,4.108584,1,7,8.71293640136719,0,"No","lb1"
"104","q21",40,"e1q4.1",22,3.890927,1,1,1.80271148681641,1,"No","lb1"
"105","q21",40,"e1q4.1",6,2.162604,1,7,9.47710418701172,0,"No","lb1"
"106","q21",40,"e1q4.1",21,10.82159,1,1,1.35154724121094,0,"No","lb1"
"107","q21",40,"e1q4.1",31,18.29435,1,1,31.5701675415039,0,"No","lb1"
"108","q21",40,"e1q4.1",24,6.073464,1,1,6.43527984619141,0,"No","lb1"
"109","q21",40,"e1q4.1",20,8.951324,1,4,4.96682024002075,0,"No","lb1"
"110","q21",40,"e1q4.1",30,13.67272,1,1,19.1975021362305,0,"No","lb1"
"111","q21",40,"e1q4.1",34,5.454968,1,1,16.4496459960938,0,"No","lb1"
"112","q21",40,"e1q4.1",29,6.358289,1,1,23.251823425293,0,"No","lb1"
"113","q21",58,"e1q4.1",50,63.75379,1,8,20.6571502685547,0,"No","lb1"
"114","q21",40,"e1q4.1",33,2.100275,1,1,21.5356750488281,0,"No","lb1"
"115","q21",40,"e1q4.1",32,6.923669,1,1,20.0617904663086,0,"No","lb1"
"116","q21",51,"e1q4.1",20,61.68293,1,15,2.2766580581665,0,"No","lb1"
"117","q21",51,"e1q4.1",54,55.91819,1,1,0.00244166841730475,0,"No","lb1"
"118","q21",51,"e1q4.1",34,261.1350792,1,12,0.584304809570312,0,"No","lb1"
"119","q21",51,"e1q4.1",21,75.31445,1,12,0.00606536865234375,0,"No","lb1"
"120","q21",51,"e1q4.1",39,15.74664,1,8,-0.0306396484375,1,"No","lb1"
"121","q21",51,"e1q4.1",37,39.3545,1,9,-0.443454146385193,0,"No","lb1"
"122","q21",41,"e1q4.1",21,26.21659,1,2,0.00099945068359375,1,"No","lb1"
"123","q21",41,"e1q4.1",18,11.195479,1,8,8.75139141082764,0,"No","lb1"
"124","q21",41,"e1q4.1",20,18.21828,1,5,4.34869003295898,0,"No","lb1"
"125","q21",41,"e1q4.1",22,13.27651,1,2,2.19196319580078,0,"No","lb1"
"126","q21",45,"e1q4.1",24,51.36433,1,6,8.07548522949219,0,"No","lb1"
"127","q21",41,"e1q4.1",25,16.86189,1,2,14.9113693237305,0,"No","lb1"
"128","q21",41,"e1q4.1",6,24.27583,1,8,9.63390350341797,0,"No","lb1"
"129","q21",41,"e1q4.1",36,13.6442,1,1,0.00728607177734375,1,"No","lb1"
"130","q21",41,"e1q4.1",30,15.55598,1,2,20.3862838745117,0,"No","lb1"
"131","q21",41,"e1q4.1",32,13.069055,1,2,21.5877075195312,0,"No","lb1"
"132","q21",41,"e1q4.1",33,19.92944,1,2,15.1023979187012,0,"No","lb1"
"133","q21",41,"e1q4.1",34,6.742374,1,2,16.1682586669922,0,"No","lb1"
"134","q21",51,"e1q4.1",44,30.67334,1,4,39.1596755981445,0,"No","lb1"
"135","q21",51,"e1q4.1",52,4.927645,1,1,31.1108055114746,0,"No","lb1"
"136","q21",53,"e1q4.1",33,76.819587,1,14,10.2464942932129,0,"No","lb1"
"137","q21",53,"e1q4.1",22,325.38392,1,14,-0.456194341182709,0,"No","lb1"
"138","q21",53,"e1q4.1",6,74.7193,1,20,-0.184608459472656,0,"No","lb1"
"139","q21",53,"e1q4.1",43,86.26105,1,6,43.1773567199707,0,"No","lb1"
"140","q21",42,"e1q4.1",24,45.49834,1,3,10.7513122558594,0,"No","lb1"
"141","q21",42,"e1q4.1",30,120.1271,1,3,19.1229934692383,0,"No","lb1"
"142","q21",42,"e1q4.1",29,24.89017,1,3,25.9427719116211,0,"No","lb1"
"143","q21",42,"e1q4.1",22,64.684098,1,3,1.82112121582031,0,"No","lb1"
"144","q21",42,"e1q4.1",25,148.9904,1,3,12.0570983886719,0,"No","lb1"
"145","q21",42,"e1q4.1",31,84.54996,1,3,29.2023544311523,0,"No","lb1"
"146","q21",42,"e1q4.1",34,57.17618,1,3,14.5900421142578,0,"No","lb1"
"147","q21",42,"e1q4.1",32,58.76305,1,3,20.1049728393555,0,"No","lb1"
"148","q21",42,"e1q4.1",18,79.87494,0,9,8.09653472900391,0,"No","lb1"
"149","q21",42,"e1q4.1",33,45.26533,1,3,13.7997913360596,0,"No","lb1"
"150","q21",58,"e1q4.1",51,22.95497,1,8,7.03762483596802,0,"No","lb1"
"151","q21",58,"e1q4.1",43,97.141043,1,11,31.9537734985352,0,"No","lb1"
"152","q21",42,"e1q4.1",6,138.87862,1,9,5.67142486572266,0,"No","lb1"
"153","q21",52,"e1q4.1",43,77.9440357,1,5,40.6456527709961,0,"No","lb1"
"154","q21",52,"e1q4.1",58,0.7334734,0,1,21.8164386749268,0,"No","lb1"
"155","q21",52,"e1q4.1",55,0.7334725,0,1,22.7614841461182,0,"No","lb1"
"156","q21",46,"e1q4.1",29,61.22118,1,7,23.7295837402344,0,"No","lb1"
"157","q21",46,"e1q4.1",20,90.86674,1,10,0.171644762158394,0,"No","lb1"
"158","q21",46,"e1q4.1",21,44.25374,1,7,-0.083740234375,0,"No","lb1"
"159","q21",46,"e1q4.1",24,92.32926,1,7,5.45452880859375,0,"No","lb1"
"160","q21",46,"e1q4.1",25,161.11806,1,7,2.69693756103516,0,"No","lb1"
"161","q21",46,"e1q4.1",42,27.92072,0,1,0.872592985630035,0,"No","lb1"
"162","q21",46,"e1q4.1",22,92.855958,1,7,-0.315971374511719,0,"No","lb1"
"163","q21",46,"e1q4.1",6,74.6874,1,13,1.19425201416016,0,"No","lb1"
"164","q21",43,"e1q4.1",38,4.737876,0,1,34.7867317199707,0,"No","lb1"
"165","q21",43,"e1q4.1",37,15.23958,1,1,2.03443932533264,0,"No","lb1"
"166","q21",43,"e1q4.1",22,48.735547,1,4,0.0512771606445312,0,"No","lb1"
"167","q21",43,"e1q4.1",24,33.06819,1,4,8.60982513427734,0,"No","lb1"
"168","q21",43,"e1q4.1",6,158.22709,1,10,1.72611236572266,0,"No","lb1"
"169","q21",43,"e1q4.1",21,42.08963,1,4,0.00722503662109375,0,"No","lb1"
"170","q21",43,"e1q4.1",30,66.11322,0,4,16.4731597900391,0,"No","lb1"
"171","q21",43,"e1q4.1",25,44.66387,1,4,11.9553756713867,0,"No","lb1"
"172","q21",46,"e1q4.1",39,45.17679,1,3,0.200996398925781,0,"No","lb1"
"173","q21",62,"e1q4.1",33,24.72118,1,23,-0.539216756820679,1,"No","lb1"
"174","q21",62,"e1q4.1",65,119.5489,1,3,8.88055419921875,0,"No","lb1"
"175","q21",62,"e1q4.1",22,72.01628,1,23,-1.56375885009766,0,"No","lb1"
"176","q21",62,"e1q4.1",44,169.6053,1,15,20.380880355835,0,"No","lb1"
"177","q21",62,"e1q4.1",45,81.93637,1,15,1.47245872020721,0,"No","lb1"
"178","q21",43,"e1q4.1",33,61.95958,1,4,8.56161785125732,0,"No","lb1"
"179","q21",59,"e1q4.1",43,382.61131,1,12,29.7490406036377,0,"No","lb1"
"180","q21",52,"e1q4.1",24,253.2338067,1,13,5.50231170654297,0,"No","lb1"
"181","q21",52,"e1q4.1",22,330.1849725,1,13,-0.611671447753906,0,"No","lb1"
"182","q21",52,"e1q4.1",50,25.54877,1,2,18.3070068359375,0,"No","lb1"
"183","q21",52,"e1q4.1",20,75.03025,1,16,2.58084225654602,0,"No","lb1"
"184","q21",52,"e1q4.1",44,38.7887585,1,5,35.5296859741211,0,"No","lb1"
"185","q21",52,"e1q4.1",21,102.8812766,1,13,-0.178581237792969,0,"No","lb1"
"186","q21",52,"e1q4.1",52,10.44833,0,2,29.5332546234131,0,"No","lb1"
"187","q21",52,"e1q4.1",48,73.13472,1,3,-0.660181879997253,0,"No","lb1"
"188","q21",52,"e1q4.1",45,103.5972,1,5,-0.444525599479675,0,"No","lb1"
"189","q21",52,"e1q4.1",54,33.09109,1,2,-0.0956302732229233,0,"No","lb1"
"190","q21",52,"e1q4.1",25,117.7523,1,13,1.24782562255859,0,"No","lb1"
"191","q21",52,"e1q4.1",51,16.81026,1,2,1.78848826885223,0,"No","lb1"
"192","q21",52,"e1q4.1",56,0.7334602,1,1,35.7147903442383,0,"No","lb1"
"193","q21",48,"e1q4.1",22,132.553302,1,9,0.122749328613281,0,"No","lb1"
"194","q21",48,"e1q4.1",21,76.89815,1,9,0.0186309814453125,0,"No","lb1"
"195","q21",48,"e1q4.1",45,4.982909,1,1,1.90850675106049,1,"No","lb1"
"196","q21",52,"e1q4.1",37,25.48101,0,10,9.90816116333008,0,"No","lb1"
"197","q21",52,"e1q4.1",57,11.29833,0,1,-0.183723449707031,1,"No","lb1"
"198","q21",52,"e1q4.1",29,93.36205,1,13,21.4395599365234,0,"No","lb1"
"199","q21",52,"e1q4.1",6,114.50057,1,19,0.147293090820312,0,"No","lb1"
"200","q21",52,"e1q4.1",33,106.93252,1,13,8.34038543701172,0,"No","lb1"
"201","q21",52,"e1q4.1",39,30.47759,1,9,0.251449584960938,1,"No","lb1"
"202","q21",52,"e1q4.1",31,186.1588,1,13,11.9743041992188,0,"No","lb1"
"203","q21",52,"e1q4.1",34,70.41221,1,13,5.57501983642578,0,"No","lb1"
"204","q21",47,"e1q4.1",22,181.474637,1,8,-0.210281372070312,0,"No","lb1"
"205","q21",47,"e1q4.1",6,86.34983,1,14,1.19963073730469,0,"No","lb1"
"206","q21",47,"e1q4.1",34,199.96473,1,8,2.30216979980469,0,"No","lb1"
"207","q21",47,"e1q4.1",29,80.74516,1,8,23.5122680664062,0,"No","lb1"
"208","q21",50,"e1q4.1",37,30.41131,1,8,6.10552930831909,0,"No","lb1"
"209","q21",45,"e1q4.1",21,36.19472,1,6,-0.112060546875,0,"No","lb1"
"210","q21",45,"e1q4.1",31,156.37857,1,6,6.83985137939453,0,"No","lb1"
"211","q21",45,"e1q4.1",6,84.74325,1,12,4.42601013183594,0,"No","lb1"
"212","q21",44,"e1q4.1",21,65.9358,1,5,0.0167770385742188,0,"No","lb1"
"213","q21",44,"e1q4.1",22,84.63659,1,5,0.880821228027344,0,"No","lb1"
"214","q21",45,"e1q4.1",20,65.20275,1,9,1.81819486618042,0,"No","lb1"
"215","q21",45,"e1q4.1",34,127.9049,1,6,5.32408142089844,0,"No","lb1"
"216","q21",45,"e1q4.1",39,16.30665,1,2,0.250617980957031,1,"No","lb1"
"217","q21",60,"e1q4.1",34,19.854898,1,21,10.8705272674561,0,"No","lb1"
"218","q21",65,"e1q4.1",71,14.65802,0,1,-0.285179138183594,1,"No","lb1"
"219","q21",44,"e1q4.1",6,296.2125,1,11,2.42501831054688,0,"No","lb1"
"220","q21",44,"e1q4.1",34,204.0113,1,5,4.85966491699219,0,"No","lb1"
"221","q21",44,"e1q4.1",25,91.35139,1,5,11.2067794799805,0,"No","lb1"
"222","q21",44,"e1q4.1",31,107.60414,1,5,10.9962158203125,0,"No","lb1"
"223","q21",44,"e1q4.1",33,39.45012,1,5,8.90280151367188,0,"No","lb1"
"224","q21",44,"e1q4.1",32,50.26379,1,5,19.0277786254883,0,"No","lb1"
"225","q21",60,"e1q4.1",45,309.69895,1,13,-0.35659322142601,0,"No","lb1"
"226","q21",60,"e1q4.1",43,335.1683,1,13,30.1507873535156,0,"No","lb1"
"227","q21",60,"e1q4.1",44,77.94797,1,13,20.8163757324219,0,"No","lb1"
"228","q21",60,"e1q4.1",50,33.50441,0,10,21.5032196044922,0,"No","lb1"
"229","q21",60,"e1q4.1",51,49.82487,1,10,4.51230144500732,0,"No","lb1"
"230","q21",65,"e1q4.1",34,62.1448,0,26,20.8386688232422,0,"No","lb1"
"231","q21",48,"e1q4.1",24,194.311519,1,9,5.45894622802734,0,"No","lb1"
"232","q21",48,"e1q4.1",47,1.368204,0,1,0.0132346693426371,1,"No","lb1"
"233","q21",58,"e1q4.1",48,13.15728,0,9,3.74432015419006,0,"No","lb1"
"234","q21",58,"e1q4.1",45,170.94523,1,11,0.0380319580435753,0,"No","lb1"
"235","q21",54,"e1q4.1",20,51.62531,1,18,4.61902618408203,0,"No","lb1"
"236","q21",48,"e1q4.1",46,4.978076,0,1,0.0290832947939634,1,"No","lb1"
"237","q21",48,"e1q4.1",25,105.531402,1,9,4.09549713134766,0,"No","lb1"
"238","q21",48,"e1q4.1",33,178.2868,1,9,7.2613730430603,0,"No","lb1"
"239","q21",48,"e1q4.1",29,84.18064,1,9,23.7715759277344,0,"No","lb1"
"240","q21",48,"e1q4.1",31,276.6392,1,9,13.5218734741211,0,"No","lb1"
"241","q21",48,"e1q4.1",37,40.17078,1,6,1.95638632774353,0,"No","lb1"
"242","q21",48,"e1q4.1",39,42.63718,1,5,-0.130386352539062,0,"No","lb1"
"243","q21",48,"e1q4.1",20,74.772,1,12,-0.09833974391222,0,"No","lb1"
"244","q21",48,"e1q4.1",6,42.019971,1,15,0.002716064453125,0,"No","lb1"
"245","q21",48,"e1q4.1",43,17.19372,1,1,46.1606788635254,0,"No","lb1"
"246","q21",45,"e1q4.1",25,68.79275,1,6,11.5021591186523,0,"No","lb1"
"247","q21",51,"e1q4.1",53,6.77513,0,1,23.4344425201416,0,"No","lb1"
"248","q21",45,"e1q4.1",32,28.30066,1,6,19.5466079711914,0,"No","lb1"
"249","q21",46,"e1q4.1",34,121.4433,1,7,4.09275817871094,0,"No","lb1"
"250","q21",46,"e1q4.1",36,29.94918,0,6,0.291366577148438,0,"No","lb1"
"251","q21",46,"e1q4.1",37,34.31045,1,4,1.64931499958038,0,"No","lb1"
"252","q21",45,"e1q4.1",36,5.178696,1,5,6.61637878417969,0,"No","lb1"
"253","q21",45,"e1q4.1",33,71.308229,1,6,8.50992488861084,0,"No","lb1"
"254","q21",62,"e1q4.1",31,378.73061,1,23,11.9675445556641,0,"No","lb1"
"255","q21",51,"e1q4.1",49,7.214721,0,1,13.2342729568481,0,"No","lb1"
"256","q21",59,"e1q4.1",31,357.83314,1,20,10.9656753540039,0,"No","lb1"
"257","q21",66,"e1q4.1",33,9.547928,1,27,4.88224029541016,0,"No","lb1"
"258","q21",66,"e1q4.1",65,106.53741,1,7,3.50280332565308,0,"No","lb1"
"259","q21",66,"e1q4.1",43,179.036424,1,19,5.8565673828125,0,"No","lb1"
"260","q21",66,"e1q4.1",72,9.723453,1,1,14.2682342529297,0,"No","lb1"
"261","q21",53,"e1q4.1",44,48.78994,1,6,35.4701499938965,0,"No","lb1"
"262","q21",53,"e1q4.1",34,68.78559,1,14,3.21236205101013,0,"No","lb1"
"263","q21",53,"e1q4.1",48,32.6278,1,4,0.297117620706558,0,"No","lb1"
"264","q21",53,"e1q4.1",45,77.267789,1,6,0.152835726737976,0,"No","lb1"
"265","q21",61,"e1q4.1",67,38.07064,0,1,10.1330642700195,0,"No","lb1"
"266","q21",61,"e1q4.1",64,56.56981,0,3,-0.281578063964844,0,"No","lb1"
"267","q21",58,"e1q4.1",60,38.08195,1,5,6.68361520767212,0,"No","lb1"
"268","q21",58,"e1q4.1",56,33.02207,0,7,33.9779891967773,0,"No","lb1"
"269","q21",58,"e1q4.1",34,19.40311,1,19,20.1977386474609,0,"No","lb1"
"270","q21",58,"e1q4.1",44,84.53556,1,11,29.2793502807617,0,"No","lb1"
"271","q21",54,"e1q4.1",51,26.65543,1,4,2.49092745780945,0,"No","lb1"
"272","q21",54,"e1q4.1",59,6.279575,1,1,6.37178993225098,0,"No","lb1"
"273","q21",54,"e1q4.1",6,21.56012,1,21,-0.169189453125,0,"No","lb1"
"274","q21",54,"e1q4.1",34,16.21339,1,15,20.4812774658203,0,"No","lb1"
"275","q21",57,"e1q4.1",51,56.02822,1,7,0.648061692714691,0,"No","lb1"
"276","q21",54,"e1q4.1",50,17.86854,1,4,18.1387710571289,0,"No","lb1"
"277","q21",47,"e1q4.1",21,98.5202,1,8,-0.0437164306640625,0,"No","lb1"
"278","q21",47,"e1q4.1",20,83.94311,1,11,0.134583011269569,0,"No","lb1"
"279","q21",67,"e1q4.1",65,49.44142,1,8,10.4402418136597,0,"No","lb1"
"280","q21",67,"e1q4.1",33,51.49289,1,28,0.991401672363281,0,"No","lb1"
"281","q21",67,"e1q4.1",43,328.07433,1,20,30.3533630371094,0,"No","lb1"
"282","q21",67,"e1q4.1",72,76.145,0,2,10.6224670410156,0,"No","lb1"
"283","q21",67,"e1q4.1",51,48.38406,0,17,-0.251358717679977,0,"No","lb1"
"284","q21",67,"e1q4.1",31,140.5719,1,28,9.66132354736328,0,"No","lb1"
"285","q21",46,"e1q4.1",31,203.60124,1,7,7.80423736572266,0,"No","lb1"
"286","q21",46,"e1q4.1",32,40.97149,1,7,16.6672821044922,0,"No","lb1"
"287","q21",46,"e1q4.1",41,2.615691,0,1,0.544113159179688,1,"No","lb1"
"288","q21",46,"e1q4.1",33,86.60283,1,7,9.17465591430664,0,"No","lb1"
"289","q21",51,"e1q4.1",24,221.98857,1,12,5.33395385742188,0,"No","lb1"
"290","q21",51,"e1q4.1",51,9.992653,1,1,2.95136308670044,0,"No","lb1"
"291","q21",51,"e1q4.1",29,71.32917,1,12,21.2618408203125,0,"No","lb1"
"292","q21",46,"e1q4.1",40,4.207047,0,1,-0.180152893066406,1,"No","lb1"
"293","q21",62,"e1q4.1",24,35.47802,1,23,10.7343215942383,0,"No","lb1"
"294","q21",51,"e1q4.1",45,30.69226,1,4,0.255870968103409,1,"No","lb1"
"295","q21",53,"e1q4.1",31,295.26841,1,14,9.08988189697266,0,"No","lb1"
"296","q21",66,"e1q4.1",22,37.9927,0,27,-1.35654556751251,0,"No","lb1"
"297","q21",59,"e1q4.1",24,88.95438,1,20,10.1443786621094,0,"No","lb1"
"298","q21",59,"e1q4.1",34,92.2281,1,20,8.40994739532471,0,"No","lb1"
"299","q21",62,"e1q4.1",43,823.25524,1,15,0.0418472290039062,0,"No","lb1"
"300","q21",62,"e1q4.1",51,222.5166,1,12,-0.0326306223869324,0,"No","lb1"
"301","q21",62,"e1q4.1",20,148.4338,1,26,2.64345550537109,0,"No","lb1"
"302","q21",63,"e1q4.1",45,32.5016,1,16,0.058417122811079,0,"No","lb1"
"303","q21",54,"e1q4.1",56,8.133623,1,3,34.2080001831055,0,"No","lb1"
"304","q21",54,"e1q4.1",25,44.922427,1,15,-0.029693603515625,0,"No","lb1"
"305","q21",54,"e1q4.1",54,18.92969,1,4,0.0019758369307965,1,"No","lb1"
"306","q21",54,"e1q4.1",21,107.3143,1,15,0.00060272216796875,0,"No","lb1"
"307","q21",54,"e1q4.1",22,317.64629,1,15,0.016326904296875,0,"No","lb1"
"308","q21",54,"e1q4.1",24,121.745007,1,15,7.0799560546875,0,"No","lb1"
"309","q21",54,"e1q4.1",31,207.67853,1,15,13.8696823120117,0,"No","lb1"
"310","q21",54,"e1q4.1",45,114.65731,1,7,0.223306924104691,0,"No","lb1"
"311","q21",57,"e1q4.1",43,108.51449,1,10,33.880729675293,0,"No","lb1"
"312","q21",57,"e1q4.1",33,56.67818,1,18,7.5390510559082,0,"No","lb1"
"313","q21",57,"e1q4.1",24,41.260955,1,18,9.92965698242188,0,"No","lb1"
"314","q21",57,"e1q4.1",56,19.27253,1,6,35.0161666870117,0,"No","lb1"
"315","q21",64,"e1q4.1",51,101.3877,1,14,0.121785677969456,0,"No","lb1"
"316","q21",57,"e1q4.1",44,38.23388,1,10,36.4378051757812,0,"No","lb1"
"317","q21",57,"e1q4.1",31,105.23902,1,18,12.1285858154297,0,"No","lb1"
"318","q21",51,"e1q4.1",6,56.67894,1,18,-0.268791198730469,0,"No","lb1"
"319","q21",47,"e1q4.1",37,57.62706,1,5,2.93003535270691,0,"No","lb1"
"320","q21",47,"e1q4.1",24,153.6344,1,8,6.31867218017578,0,"No","lb1"
"321","q21",47,"e1q4.1",25,220.50347,1,8,0.692146301269531,0,"No","lb1"
"322","q21",47,"e1q4.1",31,275.0002,1,8,13.1694488525391,0,"No","lb1"
"323","q21",47,"e1q4.1",32,35.92545,0,8,15.2268524169922,0,"No","lb1"
"324","q21",47,"e1q4.1",33,85.20576,1,8,6.75915241241455,0,"No","lb1"
"325","q21",54,"e1q4.1",43,62.130149,1,7,36.5193023681641,0,"No","lb1"
"326","q21",51,"e1q4.1",25,57.16997,1,12,2.89729309082031,0,"No","lb1"
"327","q21",48,"e1q4.1",44,21.01181,1,1,39.0368041992188,0,"No","lb1"
"328","q21",50,"e1q4.1",39,44.81048,1,7,0.596611022949219,0,"No","lb1"
"329","q21",65,"e1q4.1",70,2.581343,0,1,3.26659393310547,0,"No","lb1"
"330","q21",65,"e1q4.1",65,135.48147,1,6,7.24615049362183,0,"No","lb1"
"331","q21",65,"e1q4.1",31,229.11284,1,26,11.9334869384766,0,"No","lb1"
"332","q21",51,"e1q4.1",22,111.387581,1,12,-0.0564739443361759,0,"No","lb1"
"333","q21",51,"e1q4.1",31,197.05357,1,12,11.5540771484375,0,"No","lb1"
"334","q21",53,"e1q4.1",25,90.22225,1,14,0.184524536132812,0,"No","lb1"
"335","q21",65,"e1q4.1",43,713.413289,1,18,0.0707473754882812,0,"No","lb1"
"336","q21",53,"e1q4.1",29,91.73754,1,14,20.0453872680664,0,"No","lb1"
"337","q21",66,"e1q4.1",31,140.8797,1,27,14.4822158813477,0,"No","lb1"
"338","q21",53,"e1q4.1",51,27.40161,1,3,1.08627533912659,0,"No","lb1"
"339","q21",60,"e1q4.1",20,48.91325,1,24,5.44755554199219,0,"No","lb1"
"340","q21",65,"e1q4.1",22,110.68915,1,26,-1.05650329589844,0,"No","lb1"
"341","q21",65,"e1q4.1",69,19.2389,1,1,-0.032257080078125,1,"No","lb1"
"342","q21",51,"e1q4.1",43,37.28543,1,4,45.6891632080078,0,"No","lb1"
"343","q21",64,"e1q4.1",68,3.57868,1,1,17.4402008056641,0,"No","lb1"
"344","q21",64,"e1q4.1",44,42.42765,1,17,24.4334564208984,0,"No","lb1"
"345","q21",65,"e1q4.1",33,19.81042,1,26,6.38616180419922,0,"No","lb1"
"346","q21",65,"e1q4.1",68,21.992257,1,2,11.2329254150391,0,"No","lb1"
"347","q21",65,"e1q4.1",51,152.02248,1,15,-0.100406788289547,0,"No","lb1"
"348","q21",57,"e1q4.1",45,83.14174,1,10,0.964111626148224,0,"No","lb1"
"349","q21",65,"e1q4.1",24,63.57661,0,26,11.4919967651367,0,"No","lb1"
"350","q21",65,"e1q4.1",44,60.54789,1,18,26.0645294189453,0,"No","lb1"
"351","q21",63,"e1q4.1",24,21.23965,1,24,14.9848937988281,0,"No","lb1"
"352","q21",63,"e1q4.1",34,16.23372,1,24,16.5795574188232,0,"No","lb1"
"353","q21",63,"e1q4.1",22,103.82772,1,24,0.157600402832031,0,"No","lb1"
"354","q21",63,"e1q4.1",65,35.58012,1,4,17.5196838378906,0,"No","lb1"
"355","q21",61,"e1q4.1",34,57.18504,1,22,14.4505310058594,0,"No","lb1"
"356","q21",66,"e1q4.1",68,3.91143,0,3,17.2404479980469,0,"No","lb1"
"357","q21",66,"e1q4.1",44,33.70079,0,19,24.7706146240234,0,"No","lb1"
"358","q21",56,"e1q4.1",62,5.285853,0,3,14.8925018310547,0,"No","lb1"
"359","q21",57,"e1q4.1",50,17.7378,1,7,23.1457595825195,0,"No","lb1"
"360","q21",57,"e1q4.1",34,17.79218,1,18,18.3662624359131,0,"No","lb1"
"361","q21",58,"e1q4.1",20,54.13836,1,22,3.57904815673828,0,"No","lb1"
"362","q21",57,"e1q4.1",48,23.82931,1,8,4.7951397895813,0,"No","lb1"
"363","q21",56,"e1q4.1",25,42.44539,0,17,3.12348937988281,0,"No","lb1"
"364","q21",56,"e1q4.1",31,200.0650987,1,17,5.47783660888672,0,"No","lb1"
"365","q21",51,"e1q4.1",33,79.98547,1,12,10.9735021591187,0,"No","lb1"
"366","q21",67,"e1q4.1",73,31.79623,1,1,15.2969818115234,0,"No","lb1"
"367","q21",61,"e1q4.1",22,143.2547,1,22,-0.658126831054688,0,"No","lb1"
"368","q21",59,"e1q4.1",44,75.88218,1,12,26.0659351348877,0,"No","lb1"
"369","q21",59,"e1q4.1",22,100.30257,1,20,0.051971435546875,0,"No","lb1"
"370","q21",60,"e1q4.1",33,44.92492,1,21,-0.281929671764374,0,"No","lb1"
"371","q21",66,"e1q4.1",69,13.32168,1,2,3.6712646484375,0,"No","lb1"
"372","q21",53,"e1q4.1",21,83.90455,1,14,-0.0666427612304688,0,"No","lb1"
"373","q21",53,"e1q4.1",24,212.328385,1,14,3.79531097412109,0,"No","lb1"
"374","q21",56,"e1q4.1",60,29.97492,1,3,12.1790866851807,0,"No","lb1"
"375","q21",59,"e1q4.1",60,43.96749,1,6,6.51132583618164,0,"No","lb1"
"376","q21",59,"e1q4.1",50,74.02781,1,9,21.1614532470703,0,"No","lb1"
"377","q21",51,"e1q4.1",50,4.142547,1,1,17.6655044555664,0,"No","lb1"
"378","q21",53,"e1q4.1",54,22.13757,1,3,1.09544742107391,0,"No","lb1"
"379","q21",61,"e1q4.1",20,67.19009,1,25,2.05599212646484,0,"No","lb1"
"380","q21",64,"e1q4.1",33,4.940216,1,25,3.42142486572266,0,"No","lb1"
"381","q21",64,"e1q4.1",43,570.27034,1,17,-0.665390014648438,0,"No","lb1"
"382","q21",61,"e1q4.1",43,612.14752,1,14,18.3647918701172,0,"No","lb1"
"383","q21",60,"e1q4.1",31,233.19855,1,21,13.4039993286133,0,"No","lb1"
"384","q21",59,"e1q4.1",33,208.13726,1,20,0.0158563181757927,0,"No","lb1"
"385","q21",58,"e1q4.1",22,65.32626,1,19,1.67033386230469,0,"No","lb1"
"386","q21",58,"e1q4.1",24,17.07451,1,19,12.4959869384766,0,"No","lb1"
"387","q21",59,"e1q4.1",20,113.0433,1,23,4.06235504150391,0,"No","lb1"
"388","q21",56,"e1q4.1",33,78.042959,1,17,10.2122383117676,0,"No","lb1"
"389","q21",56,"e1q4.1",22,95.62123,1,17,0.78765869140625,0,"No","lb1"
"390","q21",63,"e1q4.1",31,199.95673,1,24,14.5802841186523,0,"No","lb1"
"391","q21",57,"e1q4.1",6,20.39167,0,24,-0.097869873046875,1,"No","lb1"
"392","q21",54,"e1q4.1",48,38.10244,1,5,0.392317801713943,0,"No","lb1"
"393","q21",61,"e1q4.1",31,210.4402,1,22,8.19472503662109,0,"No","lb1"
"394","q21",61,"e1q4.1",24,68.69945,1,22,7.54433441162109,0,"No","lb1"
"395","q21",64,"e1q4.1",45,57.58559,0,17,0.930958032608032,0,"No","lb1"
"396","q21",64,"e1q4.1",24,60.63536,1,25,14.2804794311523,0,"No","lb1"
"397","q21",59,"e1q4.1",64,2.490407,1,1,11.2652206420898,0,"No","lb1"
"398","q21",59,"e1q4.1",51,103.5164,1,9,-0.229595482349396,0,"No","lb1"
"399","q21",56,"e1q4.1",24,106.496611,1,17,3.93057250976562,0,"No","lb1"
"400","q21",54,"e1q4.1",44,62.28639,1,7,32.054817199707,0,"No","lb1"
"401","q21",53,"e1q4.1",20,39.27295,1,17,6.11078310012817,0,"No","lb1"
"402","q21",63,"e1q4.1",44,75.03793,1,16,17.8145179748535,0,"No","lb1"
"403","q21",54,"e1q4.1",61,5.295709,1,1,26.6561660766602,0,"No","lb1"
"404","q21",61,"e1q4.1",33,83.80798,1,22,1.10030090808868,0,"No","lb1"
"405","q21",60,"e1q4.1",65,11.3097,1,1,18.41676902771,0,"No","lb1"
"406","q21",54,"e1q4.1",39,5.306009,1,11,-0.0244064331054688,1,"No","lb1"
"407","q21",64,"e1q4.1",31,340.8932,1,25,14.123664855957,0,"No","lb1"
"408","q21",59,"e1q4.1",45,301.81948,1,12,-0.563060760498047,0,"No","lb1"
"409","q21",57,"e1q4.1",22,71.86568,1,18,0.39007568359375,0,"No","lb1"
"410","q21",57,"e1q4.1",20,51.68076,1,21,5.21236085891724,0,"No","lb1"
"411","q21",60,"e1q4.1",24,47.49235,1,21,15.0420989990234,0,"No","lb1"
"412","q21",63,"e1q4.1",51,148.73653,1,13,0.00473478157073259,0,"No","lb1"
"413","q21",60,"e1q4.1",60,6.710787,0,7,12.2951164245605,0,"No","lb1"
"414","q21",64,"e1q4.1",34,12.71731,1,25,18.2998046875,0,"No","lb1"
"415","q21",54,"e1q4.1",33,105.60328,1,15,6.38202953338623,0,"No","lb1"
"416","q21",60,"e1q4.1",66,28.48748,1,1,9.80887222290039,0,"No","lb1"
"417","q21",54,"e1q4.1",60,5.323595,1,1,12.4599723815918,0,"No","lb1"
"418","q21",58,"e1q4.1",33,67.19972,1,19,6.9240403175354,0,"No","lb1"
"419","q21",60,"e1q4.1",22,67.992676,1,21,1.80274200439453,0,"No","lb1"
"420","q21",58,"e1q4.1",31,161.73338,1,19,14.8278350830078,0,"No","lb1"
"421","q21",54,"e1q4.1",62,4.275749,1,1,14.5849533081055,0,"No","lb1"
"422","q21",64,"e1q4.1",22,259.14935,1,25,-1.01016759872437,0,"No","lb1"
"423","q21",63,"e1q4.1",20,4.604605,0,27,7.23308134078979,0,"No","lb1"
"424","q21",63,"e1q4.1",43,386.35878,1,16,4.24687957763672,0,"No","lb1"
"425","q21",61,"e1q4.1",66,93.48107,0,2,11.6166191101074,0,"No","lb1"
"426","q21",61,"e1q4.1",45,284.71917,1,14,0.205363735556602,0,"No","lb1"
"427","q21",64,"e1q4.1",65,81.51427,1,5,9.9534797668457,0,"No","lb1"
"428","q21",61,"e1q4.1",65,63.91283,1,2,12.0773124694824,0,"No","lb1"
"429","q21",63,"e1q4.1",33,22.1792,1,24,5.1479115486145,0,"No","lb1"
"430","q21",61,"e1q4.1",44,147.88596,1,14,23.670015335083,0,"No","lb1"
"431","q21",61,"e1q4.1",51,146.008,1,11,0.00123094115406275,0,"No","lb1"
"432","q22",52,"e1q4.2",15,198.8742,1,17,21.8602981567383,0,"No","lb1"
"433","q22",47,"e1q4.2",34,20.46832,1,2,3.08641529083252,0,"No","lb1"
"434","q22",52,"e1q4.2",24,89.26296,1,10,0.325057983398438,0,"No","lb1"
"435","q22",47,"e1q4.2",29,66.58698,1,5,12.9771575927734,0,"No","lb1"
"436","q22",58,"e1q4.2",15,16.01425,1,23,32.4194946289062,0,"No","lb1"
"437","q22",52,"e1q4.2",20,79.93549,1,11,-0.108961559832096,0,"No","lb1"
"438","q22",58,"e1q4.2",44,59.052061,1,6,19.0262699127197,0,"No","lb1"
"439","q22",52,"e1q4.2",34,44.87614,1,7,2.5274543762207,0,"No","lb1"
"440","q22",55,"e1q4.2",44,42.017823,1,3,11.1165075302124,0,"No","lb1"
"441","q22",58,"e1q4.2",53,3.758872,1,1,32.8378295898438,0,"No","lb1"
"442","q22",58,"e1q4.2",51,9.74227,1,2,10.38818359375,0,"No","lb1"
"443","q22",47,"e1q4.2",30,57.88321,1,5,4.05972576141357,0,"No","lb1"
"444","q22",55,"e1q4.2",15,81.211778,1,20,28.2196273803711,0,"No","lb1"
"445","q22",39,"e1q4.2",15,66.64032,1,4,23.9779205322266,0,"No","lb1"
"446","q22",52,"e1q4.2",30,87.33225,1,10,4.31802845001221,0,"No","lb1"
"447","q22",52,"e1q4.2",21,62.62596,1,10,-0.274551391601562,0,"No","lb1"
"448","q22",55,"e1q4.2",21,82.95045,1,13,0.103996276855469,0,"No","lb1"
"449","q22",53,"e1q4.2",30,34.93873,1,11,7.23372554779053,0,"No","lb1"
"450","q22",42,"e1q4.2",15,266.3028,1,7,26.3020401000977,0,"No","lb1"
"451","q22",50,"e1q4.2",15,158.705,1,15,23.8369674682617,0,"No","lb1"
"452","q22",53,"e1q4.2",42,23.63888,1,1,-0.0362167358398438,1,"No","lb1"
"453","q22",34,"e1q4.2",4,14.88314,0,1,-0.0064697265625,1,"No","lb1"
"454","q22",60,"e1q4.2",51,13.03012,1,4,10.588134765625,0,"No","lb1"
"455","q22",53,"e1q4.2",44,12.57174,1,1,13.9605922698975,0,"No","lb1"
"456","q22",50,"e1q4.2",30,47.12584,1,8,6.42431926727295,0,"No","lb1"
"457","q22",49,"e1q4.2",30,50.02885,1,7,4.38212776184082,0,"No","lb1"
"458","q22",50,"e1q4.2",36,5.367623,1,3,34.1884880065918,0,"No","lb1"
"459","q22",47,"e1q4.2",24,11.98205,1,5,1.51383972167969,0,"No","lb1"
"460","q22",34,"e1q4.2",14,2.981869,0,1,12.9832401275635,0,"No","lb1"
"461","q22",55,"e1q4.2",30,9.104124,0,13,8.69319343566895,0,"No","lb1"
"462","q22",49,"e1q4.2",39,5.429768,0,1,5.61374664306641,0,"No","lb1"
"463","q22",67,"e1q4.2",44,13.16193,0,15,17.129711151123,0,"No","lb1"
"464","q22",55,"e1q4.2",34,16.090201,0,10,3.84798526763916,0,"No","lb1"
"465","q22",67,"e1q4.2",15,28.43377,1,32,33.4339065551758,0,"No","lb1"
"466","q22",47,"e1q4.2",20,96.49933,1,6,-0.0933847054839134,0,"No","lb1"
"467","q22",48,"e1q4.2",30,50.60712,1,6,6.41038656234741,0,"No","lb1"
"468","q22",54,"e1q4.2",45,9.34479,1,2,0.555453062057495,0,"No","lb1"
"469","q22",47,"e1q4.2",15,222.1789,1,12,22.8769989013672,0,"No","lb1"
"470","q22",49,"e1q4.2",37,2.84084,0,1,4.43710327148438,0,"No","lb1"
"471","q22",53,"e1q4.2",20,35.76275,0,12,3.19327092170715,0,"No","lb1"
"472","q22",53,"e1q4.2",34,36.859079,1,8,2.47655248641968,0,"No","lb1"
"473","q22",53,"e1q4.2",41,13.45749,1,2,1.82660686969757,0,"No","lb1"
"474","q22",44,"e1q4.2",29,14.02261,1,2,14.5362548828125,0,"No","lb1"
"475","q22",60,"e1q4.2",57,2.890023,1,1,8.33638000488281,0,"No","lb1"
"476","q22",60,"e1q4.2",44,19.01375,1,8,17.9182300567627,0,"No","lb1"
"477","q22",48,"e1q4.2",20,27.20705,1,7,2.97249388694763,0,"No","lb1"
"478","q22",49,"e1q4.2",34,28.86782,1,4,0.0237249601632357,1,"No","lb1"
"479","q22",49,"e1q4.2",24,47.65184,1,7,2.16558074951172,0,"No","lb1"
"480","q22",50,"e1q4.2",29,42.20732,0,8,12.4781341552734,0,"No","lb1"
"481","q22",36,"e1q4.2",16,7.817016,0,1,29.7114028930664,0,"No","lb1"
"482","q22",54,"e1q4.2",46,7.139627,0,1,8.23173522949219,0,"No","lb1"
"483","q22",57,"e1q4.2",15,16.27749,1,22,31.6474685668945,0,"No","lb1"
"484","q22",57,"e1q4.2",45,5.939641,1,5,5.73925113677979,0,"No","lb1"
"485","q22",44,"e1q4.2",33,5.119005,0,1,16.8057079315186,0,"No","lb1"
"486","q22",56,"e1q4.2",24,15.693811,1,14,0.20447301864624,0,"No","lb1"
"487","q22",57,"e1q4.2",24,7.400807,0,15,4.67551040649414,0,"No","lb1"
"488","q22",56,"e1q4.2",44,21.720926,1,4,10.3068866729736,0,"No","lb1"
"489","q22",54,"e1q4.2",42,21.21509,1,2,-0.0130462646484375,1,"No","lb1"
"490","q22",42,"e1q4.2",20,13.52216,1,1,5.44504261016846,0,"No","lb1"
"491","q22",60,"e1q4.2",56,8.657925,1,1,30.4501304626465,0,"No","lb1"
"492","q22",55,"e1q4.2",24,90.21988,1,13,-0.100333832204342,0,"No","lb1"
"493","q22",47,"e1q4.2",21,45.15392,1,5,-0.23626708984375,0,"No","lb1"
"494","q22",53,"e1q4.2",21,66.67055,1,11,-0.472862243652344,0,"No","lb1"
"495","q22",49,"e1q4.2",38,3.717366,1,1,4.32144927978516,0,"No","lb1"
"496","q22",54,"e1q4.2",41,3.053442,1,3,1.35038805007935,1,"No","lb1"
"497","q22",54,"e1q4.2",48,4.321361,1,1,21.4430522918701,0,"No","lb1"
"498","q22",49,"e1q4.2",20,65.03165,1,8,-0.0538977459073067,0,"No","lb1"
"499","q22",44,"e1q4.2",21,6.896407,1,2,0.667732238769531,1,"No","lb1"
"500","q22",50,"e1q4.2",21,36.46833,1,8,-0.259803771972656,0,"No","lb1"
"501","q22",51,"e1q4.2",21,29.81131,1,9,-0.341026306152344,1,"No","lb1"
"502","q22",51,"e1q4.2",38,8.780038,1,3,0.420257568359375,1,"No","lb1"
"503","q22",54,"e1q4.2",34,11.59081,1,9,2.50416159629822,0,"No","lb1"
"504","q22",54,"e1q4.2",15,122.12495,1,19,22.2667465209961,0,"No","lb1"
"505","q22",39,"e1q4.2",18,1.922688,1,1,9.14553833007812,0,"No","lb1"
"506","q22",36,"e1q4.2",15,8.493023,1,1,24.1721115112305,0,"No","lb1"
"507","q22",55,"e1q4.2",41,6.358724,0,4,1.08413338661194,1,"No","lb1"
"508","q22",53,"e1q4.2",45,11.19274,1,1,5.91680526733398,0,"No","lb1"
"509","q22",44,"e1q4.2",20,17.3509,1,3,3.65780353546143,0,"No","lb1"
"510","q22",53,"e1q4.2",43,6.236289,1,1,23.8950595855713,0,"No","lb1"
"511","q22",61,"e1q4.2",45,132.3797,1,9,0.282690346240997,0,"No","lb1"
"512","q22",61,"e1q4.2",56,24.25228,0,2,34.1610832214355,0,"No","lb1"
"513","q22",61,"e1q4.2",53,21.97866,1,4,31.6915054321289,0,"No","lb1"
"514","q22",61,"e1q4.2",51,80.32858,1,5,6.53026580810547,0,"No","lb1"
"515","q22",61,"e1q4.2",58,52.86245,1,1,0.0969399362802505,0,"No","lb1"
"516","q22",55,"e1q4.2",48,8.424939,0,2,22.5265483856201,0,"No","lb1"
"517","q22",65,"e1q4.2",45,54.18008,0,13,-0.63479745388031,0,"No","lb1"
"518","q22",65,"e1q4.2",51,30.31329,1,9,10.720588684082,0,"No","lb1"
"519","q22",39,"e1q4.2",19,1.228655,0,1,40.2820625305176,0,"No","lb1"
"520","q22",54,"e1q4.2",49,2.879808,0,1,6.49806785583496,0,"No","lb1"
"521","q22",54,"e1q4.2",44,10.493682,1,2,11.8422012329102,0,"No","lb1"
"522","q22",55,"e1q4.2",43,4.178487,0,3,23.0437316894531,0,"No","lb1"
"523","q22",55,"e1q4.2",45,5.669785,1,3,5.46061897277832,0,"No","lb1"
"524","q22",55,"e1q4.2",50,5.944239,0,1,20.1022338867188,0,"No","lb1"
"525","q22",55,"e1q4.2",42,16.82842,0,3,-0.0265579223632812,0,"No","lb1"
"526","q22",52,"e1q4.2",38,9.029487,0,4,2.45108032226562,0,"No","lb1"
"527","q22",52,"e1q4.2",41,9.662103,1,1,1.98831987380981,0,"No","lb1"
"528","q22",54,"e1q4.2",21,63.67932,1,12,0.233940124511719,0,"No","lb1"
"529","q22",57,"e1q4.2",44,44.57766,1,5,21.3620471954346,0,"No","lb1"
"530","q22",57,"e1q4.2",51,24.4918,1,1,8.57564544677734,0,"No","lb1"
"531","q22",57,"e1q4.2",52,18.16725,0,1,35.1354942321777,0,"No","lb1"
"532","q22",60,"e1q4.2",55,1.654119,0,1,3.88663506507874,0,"No","lb1"
"533","q22",54,"e1q4.2",24,55.75921,1,12,-0.0473934598267078,0,"No","lb1"
"534","q22",44,"e1q4.2",15,228.6323,1,9,24.2134857177734,0,"No","lb1"
"535","q22",49,"e1q4.2",29,48.30802,1,7,14.1477966308594,0,"No","lb1"
"536","q22",49,"e1q4.2",21,79.437845,1,7,-0.204879760742188,0,"No","lb1"
"537","q22",46,"e1q4.2",24,51.24812,1,4,1.11734771728516,0,"No","lb1"
"538","q22",70,"e1q4.2",15,64.53482,1,35,31.1128997802734,0,"No","lb1"
"539","q22",49,"e1q4.2",15,205.3435,1,14,23.9501800537109,0,"No","lb1"
"540","q22",70,"e1q4.2",67,8.285193,1,1,26.0997333526611,0,"No","lb1"
"541","q22",70,"e1q4.2",68,23.80941,1,1,15.0279035568237,0,"No","lb1"
"542","q22",49,"e1q4.2",40,1.296116,0,1,3.12558746337891,1,"No","lb1"
"543","q22",43,"e1q4.2",22,0.8596437,0,1,1.43074035644531,1,"No","lb1"
"544","q22",70,"e1q4.2",65,3.622147,0,1,20.5621643066406,0,"No","lb1"
"545","q22",54,"e1q4.2",47,13.84263,0,1,33.7821846008301,0,"No","lb1"
"546","q22",64,"e1q4.2",60,12.80692,0,1,2.29570508003235,0,"No","lb1"
"547","q22",40,"e1q4.2",18,2.838392,0,2,9.34115409851074,0,"No","lb1"
"548","q22",66,"e1q4.2",51,17.305731,1,10,13.3301315307617,0,"No","lb1"
"549","q22",53,"e1q4.2",24,59.53765,1,11,-0.149596199393272,0,"No","lb1"
"550","q22",61,"e1q4.2",57,15.39578,1,2,5.69945859909058,0,"No","lb1"
"551","q22",43,"e1q4.2",15,150.727371,1,8,24.8633041381836,0,"No","lb1"
"552","q22",43,"e1q4.2",20,3.056413,1,2,3.9913477897644,0,"No","lb1"
"553","q22",43,"e1q4.2",30,50.27905,1,1,8.13204956054688,0,"No","lb1"
"554","q22",43,"e1q4.2",28,2.308652,0,1,35.4940528869629,0,"No","lb1"
"555","q22",43,"e1q4.2",26,2.7019,0,1,31.8681755065918,0,"No","lb1"
"556","q22",43,"e1q4.2",29,17.89949,1,1,13.1541290283203,0,"No","lb1"
"557","q22",61,"e1q4.2",44,84.6723,1,9,20.8156070709229,0,"No","lb1"
"558","q22",61,"e1q4.2",15,55.2223,1,26,29.8619842529297,0,"No","lb1"
"559","q22",37,"e1q4.2",15,43.47591,1,2,25.3248138427734,0,"No","lb1"
"560","q22",54,"e1q4.2",30,23.679576,1,12,4.77365016937256,0,"No","lb1"
"561","q22",48,"e1q4.2",29,59.93331,1,6,11.310676574707,0,"No","lb1"
"562","q22",40,"e1q4.2",15,122.8248,1,5,27.7605590820312,0,"No","lb1"
"563","q22",48,"e1q4.2",24,22.96852,1,6,-0.324790954589844,1,"No","lb1"
"564","q22",48,"e1q4.2",34,15.58545,1,3,1.98452663421631,0,"No","lb1"
"565","q22",38,"e1q4.2",17,28.83867,0,1,8.9084997177124,0,"No","lb1"
"566","q22",38,"e1q4.2",15,77.04144,1,3,25.1722106933594,0,"No","lb1"
"567","q22",56,"e1q4.2",21,7.113967,0,14,5.35749053955078,0,"No","lb1"
"568","q22",56,"e1q4.2",45,10.588047,1,4,0.239604741334915,0,"No","lb1"
"569","q22",64,"e1q4.2",45,65.14476,1,12,0.0945759788155556,0,"No","lb1"
"570","q22",64,"e1q4.2",44,33.369722,1,12,17.8413143157959,0,"No","lb1"
"571","q22",64,"e1q4.2",51,28.32273,1,8,8.20794677734375,0,"No","lb1"
"572","q22",46,"e1q4.2",34,2.920945,1,1,4.05174160003662,0,"No","lb1"
"573","q22",48,"e1q4.2",21,37.28865,1,6,0.215499877929688,0,"No","lb1"
"574","q22",66,"e1q4.2",44,29.48886,1,14,12.9980487823486,0,"No","lb1"
"575","q22",64,"e1q4.2",53,5.900817,0,7,32.1636734008789,0,"No","lb1"
"576","q22",53,"e1q4.2",15,241.82437,1,18,14.9710388183594,0,"No","lb1"
"577","q22",43,"e1q4.2",31,3.813313,0,1,3.98101162910461,0,"No","lb1"
"578","q22",70,"e1q4.2",69,5.372413,1,1,2.31829214096069,1,"No","lb1"
"579","q22",70,"e1q4.2",61,16.85443,1,3,5.85219573974609,0,"No","lb1"
"580","q22",51,"e1q4.2",24,64.56974,1,9,1.470458984375,0,"No","lb1"
"581","q22",51,"e1q4.2",15,208.2535,1,16,22.0905303955078,0,"No","lb1"
"582","q22",45,"e1q4.2",23,6.024424,0,3,-0.536430358886719,1,"No","lb1"
"583","q22",50,"e1q4.2",24,52.76298,1,8,0.43976429104805,0,"No","lb1"
"584","q22",45,"e1q4.2",24,45.19132,1,3,4.34927368164062,0,"No","lb1"
"585","q22",46,"e1q4.2",30,14.12346,1,4,6.32923126220703,0,"No","lb1"
"586","q22",70,"e1q4.2",62,12.52998,1,3,12.5323524475098,0,"No","lb1"
"587","q22",64,"e1q4.2",15,22.24756,1,29,31.6374816894531,0,"No","lb1"
"588","q22",66,"e1q4.2",15,43.71221,1,31,32.3149032592773,0,"No","lb1"
"589","q22",48,"e1q4.2",35,5.232495,0,1,28.6051635742188,0,"No","lb1"
"590","q22",43,"e1q4.2",32,1.50495,0,1,0.355890482664108,1,"No","lb1"
"591","q22",44,"e1q4.2",27,2.120425,0,2,42.0437698364258,0,"No","lb1"
"592","q22",44,"e1q4.2",30,37.1334,1,2,6.36051273345947,0,"No","lb1"
"593","q22",44,"e1q4.2",24,47.64743,1,2,7.0655951499939,0,"No","lb1"
"594","q22",60,"e1q4.2",45,11.227307,1,8,2.08428645133972,0,"No","lb1"
"595","q22",60,"e1q4.2",53,4.967611,1,3,32.1492004394531,0,"No","lb1"
"596","q22",60,"e1q4.2",54,38.47812,0,1,1.14485931396484,0,"No","lb1"
"597","q22",65,"e1q4.2",59,14.569514,0,4,12.5739593505859,0,"No","lb1"
"598","q22",65,"e1q4.2",15,39.07861,1,30,33.950439453125,0,"No","lb1"
"599","q22",64,"e1q4.2",59,9.605636,1,3,11.8981895446777,0,"No","lb1"
"600","q22",43,"e1q4.2",24,19.68661,1,1,6.34721994400024,0,"No","lb1"
"601","q22",64,"e1q4.2",58,33.93333,0,4,0.223975986242294,0,"No","lb1"
"602","q22",43,"e1q4.2",21,6.753936,1,1,-0.273666381835938,1,"No","lb1"
"603","q22",46,"e1q4.2",21,25.95494,1,4,0.635261535644531,0,"No","lb1"
"604","q22",51,"e1q4.2",36,10.76732,0,4,31.9324016571045,0,"No","lb1"
"605","q22",43,"e1q4.2",27,1.552024,1,1,40.6265296936035,0,"No","lb1"
"606","q22",46,"e1q4.2",20,24.62729,1,5,1.6429603099823,0,"No","lb1"
"607","q22",51,"e1q4.2",30,36.33015,1,9,7.58926868438721,0,"No","lb1"
"608","q22",46,"e1q4.2",29,34.43282,1,4,12.8726654052734,0,"No","lb1"
"609","q22",46,"e1q4.2",15,156.6671,1,11,22.380973815918,0,"No","lb1"
"610","q22",45,"e1q4.2",30,18.86455,1,3,7.0494179725647,0,"No","lb1"
"611","q22",43,"e1q4.2",25,3.213211,0,1,4.35256290435791,0,"No","lb1"
"612","q22",51,"e1q4.2",20,42.09133,1,10,0.354419022798538,0,"No","lb1"
"613","q22",70,"e1q4.2",51,3.168856,0,14,14.0119094848633,0,"No","lb1"
"614","q22",43,"e1q4.2",23,2.606849,1,1,0.996991693973541,1,"No","lb1"
"615","q22",59,"e1q4.2",44,57.71169,1,7,18.8674945831299,0,"No","lb1"
"616","q22",59,"e1q4.2",51,38.64028,1,3,4.89492034912109,0,"No","lb1"
"617","q22",51,"e1q4.2",34,21.24496,1,6,2.28035831451416,0,"No","lb1"
"618","q22",45,"e1q4.2",15,132.8348,1,10,26.3892593383789,0,"No","lb1"
"619","q22",45,"e1q4.2",20,30.7702,1,4,0.0755136162042618,0,"No","lb1"
"620","q22",48,"e1q4.2",15,193.5332,1,13,21.9567031860352,0,"No","lb1"
"621","q22",59,"e1q4.2",15,22.068936,1,24,28.8523025512695,0,"No","lb1"
"622","q22",59,"e1q4.2",45,44.43938,1,7,-0.243572130799294,0,"No","lb1"
"623","q22",48,"e1q4.2",36,8.781969,1,1,37.4392738342285,0,"No","lb1"
"624","q22",70,"e1q4.2",66,6.017844,1,1,27.1172790527344,0,"No","lb1"
"625","q22",45,"e1q4.2",21,16.3868,1,3,1.29103851318359,0,"No","lb1"
"626","q22",41,"e1q4.2",15,123.6089,1,6,21.1488494873047,0,"No","lb1"
"627","q23",53,"e1q4a.1",62,14.24663,1,3,16.796781539917,0,"No","lb1"
"628","q23",42,"e1q4a.1",35,18.07902,1,1,11.6447601318359,0,"No","lb1"
"629","q23",44,"e1q4a.1",26,140.0641,1,11,-0.0723910704255104,0,"No","lb1"
"630","q23",44,"e1q4a.1",37,9.462708,0,2,2.82380676269531,0,"No","lb1"
"631","q23",42,"e1q4a.1",31,59.37778,1,3,0.160972595214844,0,"No","lb1"
"632","q23",42,"e1q4a.1",34,9.64068,1,1,1.471923828125,1,"No","lb1"
"633","q23",58,"e1q4a.1",67,13.94345,1,1,13.6105575561523,0,"No","lb1"
"634","q23",42,"e1q4a.1",30,58.31213,1,7,-0.00052642822265625,0,"No","lb1"
"635","q23",40,"e1q4a.1",9,84.31979,1,7,13.6865158081055,0,"No","lb1"
"636","q23",44,"e1q4a.1",43,12.05006,1,1,0.0464935302734375,1,"No","lb1"
"637","q23",35,"e1q4a.1",6,4.566263,0,2,19.0452728271484,0,"No","lb1"
"638","q23",43,"e1q4a.1",26,128.329699,1,10,0.00382890901528299,0,"No","lb1"
"639","q23",44,"e1q4a.1",30,60.55614,1,9,-0.0005035400390625,0,"No","lb1"
"640","q23",40,"e1q4a.1",31,1.399361,1,1,1.60438537597656,1,"No","lb1"
"641","q23",42,"e1q4a.1",9,253.5026,1,9,4.96449279785156,0,"No","lb1"
"642","q23",42,"e1q4a.1",33,24.24108,1,2,1.12003326416016,0,"No","lb1"
"643","q23",42,"e1q4a.1",26,128.8243,1,9,-0.00477917538955808,0,"No","lb1"
"644","q23",44,"e1q4a.1",31,75.94086,1,5,-0.116912841796875,0,"No","lb1"
"645","q23",42,"e1q4a.1",36,29.56692,1,1,18.8154067993164,0,"No","lb1"
"646","q23",51,"e1q4a.1",30,98.86736,1,16,-0.0307769775390625,0,"No","lb1"
"647","q23",51,"e1q4a.1",59,1.042228,0,1,37.386402130127,0,"No","lb1"
"648","q23",56,"e1q4a.1",62,25.63578,1,6,15.5953035354614,0,"No","lb1"
"649","q23",55,"e1q4a.1",49,38.54473,1,8,24.3491191864014,0,"No","lb1"
"650","q23",67,"e1q4a.1",80,140.6118,1,3,20.2433681488037,0,"No","lb1"
"651","q23",51,"e1q4a.1",61,9.713375,1,1,22.554235458374,0,"No","lb1"
"652","q23",61,"e1q4a.1",68,69.00324,0,4,9.48017883300781,0,"No","lb1"
"653","q23",61,"e1q4a.1",71,71.6078,0,1,34.346607208252,0,"No","lb1"
"654","q23",53,"e1q4a.1",56,34.60544,1,3,8.01064300537109,0,"No","lb1"
"655","q23",39,"e1q4a.1",30,56.57442,1,4,2.1473388671875,0,"No","lb1"
"656","q23",39,"e1q4a.1",2,32.919486,0,6,-0.108779907226562,0,"No","lb1"
"657","q23",60,"e1q4a.1",62,42.19834,0,10,13.661075592041,0,"No","lb1"
"658","q23",39,"e1q4a.1",26,76.95786,1,6,-0.118633106350899,0,"No","lb1"
"659","q23",47,"e1q4a.1",38,67.02702,1,5,26.2933959960938,0,"No","lb1"
"660","q23",51,"e1q4a.1",26,91.53793,1,18,0.0669261589646339,0,"No","lb1"
"661","q23",55,"e1q4a.1",50,47.20976,1,6,20.0009937286377,0,"No","lb1"
"662","q23",51,"e1q4a.1",57,0.7196977,0,1,47.7910957336426,0,"No","lb1"
"663","q23",53,"e1q4a.1",44,34.13902,1,9,27.9576187133789,0,"No","lb1"
"664","q23",50,"e1q4a.1",30,82.09801,1,15,-0.0608596801757812,0,"No","lb1"
"665","q23",57,"e1q4a.1",38,67.69374,1,15,20.9206161499023,0,"No","lb1"
"666","q23",53,"e1q4a.1",9,261.36058,1,20,-0.0127716064453125,0,"No","lb1"
"667","q23",34,"e1q4a.1",4,28.88875,0,1,18.5867385864258,0,"No","lb1"
"668","q23",44,"e1q4a.1",39,13.98046,1,2,28.3634948730469,0,"No","lb1"
"669","q23",44,"e1q4a.1",42,5.413201,0,2,0.10866467654705,1,"No","lb1"
"670","q23",52,"e1q4a.1",38,193.02946,1,10,15.3818664550781,0,"No","lb1"
"671","q23",48,"e1q4a.1",43,26.80873,1,5,-0.114303588867188,0,"No","lb1"
"672","q23",48,"e1q4a.1",44,60.37817,1,4,25.2170028686523,0,"No","lb1"
"673","q23",48,"e1q4a.1",9,75.64283,1,15,0.0308990478515625,0,"No","lb1"
"674","q23",53,"e1q4a.1",46,60.82076,1,8,3.53937530517578,0,"No","lb1"
"675","q23",47,"e1q4a.1",47,14.17615,1,1,6.14379215240479,0,"No","lb1"
"676","q23",51,"e1q4a.1",58,2.97098,0,1,38.3433952331543,0,"No","lb1"
"677","q23",43,"e1q4a.1",30,57.79819,1,8,-0.00238037109375,0,"No","lb1"
"678","q23",59,"e1q4a.1",50,51.75624,1,10,18.7846736907959,0,"No","lb1"
"679","q23",59,"e1q4a.1",38,7.84357,0,17,22.3413105010986,0,"No","lb1"
"680","q23",43,"e1q4a.1",33,34.650359,1,3,0.00653839111328125,0,"No","lb1"
"681","q23",43,"e1q4a.1",31,43.1447,1,4,0.187156677246094,0,"No","lb1"
"682","q23",39,"e1q4a.1",9,68.92351,1,6,8.10668182373047,0,"No","lb1"
"683","q23",50,"e1q4a.1",33,120.7396,1,10,3.39669036865234,0,"No","lb1"
"684","q23",51,"e1q4a.1",51,15.99141,1,2,4.73317766189575,0,"No","lb1"
"685","q23",65,"e1q4a.1",79,2.049731,0,1,5.8509373664856,0,"No","lb1"
"686","q23",51,"e1q4a.1",60,4.029105,1,1,25.3918266296387,0,"No","lb1"
"687","q23",66,"e1q4a.1",78,9.482597,1,2,3.71410369873047,0,"No","lb1"
"688","q23",51,"e1q4a.1",55,1.728223,1,1,4.38930511474609,0,"No","lb1"
"689","q23",53,"e1q4a.1",49,101.241118,1,6,25.5571174621582,0,"No","lb1"
"690","q23",53,"e1q4a.1",50,47.603514,1,4,22.5496120452881,0,"No","lb1"
"691","q23",53,"e1q4a.1",64,3.217081,0,1,7.92560720443726,0,"No","lb1"
"692","q23",53,"e1q4a.1",61,25.17866,1,3,20.7122898101807,0,"No","lb1"
"693","q23",67,"e1q4a.1",78,14.61212,1,3,5.42341613769531,0,"No","lb1"
"694","q23",56,"e1q4a.1",26,4.22136,0,23,3.15057492256165,0,"No","lb1"
"695","q23",53,"e1q4a.1",51,32.42171,1,4,2.14867234230042,0,"No","lb1"
"696","q23",51,"e1q4a.1",50,25.658385,1,2,24.0316886901855,0,"No","lb1"
"697","q23",34,"e1q4a.1",2,73.38866,1,1,7.31683349609375,0,"No","lb1"
"698","q23",52,"e1q4a.1",39,103.46148,1,10,10.8227005004883,0,"No","lb1"
"699","q23",52,"e1q4a.1",26,46.782444,1,19,0.0252035781741142,0,"No","lb1"
"700","q23",53,"e1q4a.1",38,83.15371,1,11,18.4465198516846,0,"No","lb1"
"701","q23",53,"e1q4a.1",39,28.55569,0,11,18.4079818725586,0,"No","lb1"
"702","q23",52,"e1q4a.1",30,64.91138,1,17,-0.0148468017578125,0,"No","lb1"
"703","q23",52,"e1q4a.1",33,97.59845,1,12,0.0446014404296875,0,"No","lb1"
"704","q23",47,"e1q4a.1",9,156.2455,1,14,5.68168640136719,0,"No","lb1"
"705","q23",50,"e1q4a.1",9,193.52286,1,17,-0.024383544921875,0,"No","lb1"
"706","q23",50,"e1q4a.1",51,7.118168,1,1,4.79558992385864,0,"No","lb1"
"707","q23",50,"e1q4a.1",50,7.105022,1,1,24.7912425994873,0,"No","lb1"
"708","q23",34,"e1q4a.1",26,36.16809,1,1,-0.0301900915801525,0,"No","lb1"
"709","q23",34,"e1q4a.1",6,3.75874,1,1,21.3509464263916,0,"No","lb1"
"710","q23",48,"e1q4a.1",39,50.60197,1,6,19.3324584960938,0,"No","lb1"
"711","q23",54,"e1q4a.1",46,55.58319,1,9,7.80254364013672,0,"No","lb1"
"712","q23",54,"e1q4a.1",62,21.02404,1,4,17.6585960388184,0,"No","lb1"
"713","q23",54,"e1q4a.1",52,4.864062,0,4,11.8993015289307,0,"No","lb1"
"714","q23",54,"e1q4a.1",56,50.68066,0,4,10.6611175537109,0,"No","lb1"
"715","q23",54,"e1q4a.1",50,67.8441134,1,5,18.8213939666748,0,"No","lb1"
"716","q23",51,"e1q4a.1",33,103.2953,1,11,0.116546630859375,0,"No","lb1"
"717","q23",71,"e1q4a.1",80,113.3483,1,7,13.1480588912964,0,"No","lb1"
"718","q23",44,"e1q4a.1",33,47.5186,1,4,-0.0861282348632812,0,"No","lb1"
"719","q23",44,"e1q4a.1",9,184.524316,1,11,4.98540496826172,0,"No","lb1"
"720","q23",65,"e1q4a.1",80,217.7883,1,1,16.2567081451416,0,"No","lb1"
"721","q23",65,"e1q4a.1",81,7.207119,0,1,14.8290529251099,0,"No","lb1"
"722","q23",44,"e1q4a.1",36,17.041433,0,3,17.4144134521484,0,"No","lb1"
"723","q23",60,"e1q4a.1",66,27.4558,1,5,3.37195587158203,0,"No","lb1"
"724","q23",60,"e1q4a.1",67,40.78145,0,3,16.4384002685547,0,"No","lb1"
"725","q23",51,"e1q4a.1",52,6.92651,1,1,8.93659973144531,0,"No","lb1"
"726","q23",40,"e1q4a.1",32,2.484576,0,1,25.5940971374512,0,"No","lb1"
"727","q23",43,"e1q4a.1",37,10.86709,1,1,3.32096862792969,0,"No","lb1"
"728","q23",43,"e1q4a.1",34,15.012703,0,2,0.00365447998046875,1,"No","lb1"
"729","q23",55,"e1q4a.1",46,24.15058,0,10,7.97909545898438,0,"No","lb1"
"730","q23",55,"e1q4a.1",61,11.95545,1,5,21.7698574066162,0,"No","lb1"
"731","q23",55,"e1q4a.1",47,38.80417,1,9,5.09916353225708,0,"No","lb1"
"732","q23",55,"e1q4a.1",38,13.64233,1,13,21.9597110748291,0,"No","lb1"
"733","q23",67,"e1q4a.1",77,25.31862,1,4,36.2411994934082,0,"No","lb1"
"734","q23",47,"e1q4a.1",33,180.0286,1,7,0.103981018066406,0,"No","lb1"
"735","q23",56,"e1q4a.1",49,3.925643,1,9,25.591064453125,0,"No","lb1"
"736","q23",56,"e1q4a.1",33,3.487601,0,16,2.81188201904297,1,"No","lb1"
"737","q23",56,"e1q4a.1",9,12.120209,0,23,1.90582275390625,0,"No","lb1"
"738","q23",34,"e1q4a.1",21,3.237676,0,1,10.5495367050171,0,"No","lb1"
"739","q23",52,"e1q4a.1",43,16.65658,0,9,2.04340362548828,0,"No","lb1"
"740","q23",47,"e1q4a.1",26,29.94939,1,14,0.0663405060768127,1,"No","lb1"
"741","q23",54,"e1q4a.1",38,26.88057,1,12,19.8213043212891,0,"No","lb1"
"742","q23",41,"e1q4a.1",26,23.46912,1,8,-0.278105705976486,1,"No","lb1"
"743","q23",41,"e1q4a.1",33,16.4508,1,1,8.33954620361328,0,"No","lb1"
"744","q23",41,"e1q4a.1",9,27.489999,1,8,8.71682739257812,0,"No","lb1"
"745","q23",47,"e1q4a.1",30,103.204,1,12,-0.0123672485351562,0,"No","lb1"
"746","q23",47,"e1q4a.1",31,24.59749,0,8,0.080902099609375,1,"No","lb1"
"747","q23",51,"e1q4a.1",43,4.829828,1,8,3.10414886474609,0,"No","lb1"
"748","q23",50,"e1q4a.1",26,44.02116,1,17,0.619525074958801,0,"No","lb1"
"749","q23",50,"e1q4a.1",44,61.48222,1,6,25.5806427001953,0,"No","lb1"
"750","q23",47,"e1q4a.1",46,36.54878,1,2,5.71249389648438,0,"No","lb1"
"751","q23",48,"e1q4a.1",35,21.46036,1,7,13.9881210327148,0,"No","lb1"
"752","q23",66,"e1q4a.1",80,70.3872,1,2,21.2480239868164,0,"No","lb1"
"753","q23",66,"e1q4a.1",75,28.58223,1,3,6.28336334228516,0,"No","lb1"
"754","q23",66,"e1q4a.1",77,17.80725,1,3,33.0053100585938,0,"No","lb1"
"755","q23",51,"e1q4a.1",54,22.03437,1,1,28.8126831054688,0,"No","lb1"
"756","q23",45,"e1q4a.1",39,16.7494,1,3,30.8254470825195,0,"No","lb1"
"757","q23",45,"e1q4a.1",45,9.029284,1,1,14.6904306411743,0,"No","lb1"
"758","q23",51,"e1q4a.1",38,158.165254,1,9,16.9143295288086,0,"No","lb1"
"759","q23",51,"e1q4a.1",39,71.44731,1,9,17.6666488647461,0,"No","lb1"
"760","q23",56,"e1q4a.1",50,25.21276,1,7,20.0515766143799,0,"No","lb1"
"761","q23",51,"e1q4a.1",44,30.73935,1,7,24.8490219116211,0,"No","lb1"
"762","q23",35,"e1q4a.1",27,3.658055,0,1,-0.107772827148438,1,"No","lb1"
"763","q23",35,"e1q4a.1",28,8.50361,0,1,18.2736129760742,0,"No","lb1"
"764","q23",53,"e1q4a.1",52,11.69172,1,3,11.0651588439941,0,"No","lb1"
"765","q23",65,"e1q4a.1",77,74.07795,1,2,33.0204696655273,0,"No","lb1"
"766","q23",53,"e1q4a.1",33,38.212766,1,13,-0.128936767578125,0,"No","lb1"
"767","q23",58,"e1q4a.1",62,45.80711,1,8,15.8719072341919,0,"No","lb1"
"768","q23",58,"e1q4a.1",49,5.601085,0,11,27.509880065918,0,"No","lb1"
"769","q23",43,"e1q4a.1",35,17.53731,1,2,11.0532913208008,0,"No","lb1"
"770","q23",43,"e1q4a.1",39,9.217746,1,1,29.0414733886719,0,"No","lb1"
"771","q23",43,"e1q4a.1",38,18.93769,1,1,25.6297912597656,0,"No","lb1"
"772","q23",43,"e1q4a.1",42,7.27738,1,1,-0.483481794595718,1,"No","lb1"
"773","q23",46,"e1q4a.1",33,54.728219,1,6,0.2896728515625,0,"No","lb1"
"774","q23",46,"e1q4a.1",43,24.42182,1,3,-0.21636962890625,1,"No","lb1"
"775","q23",57,"e1q4a.1",62,34.42232,1,7,14.8342380523682,0,"No","lb1"
"776","q23",57,"e1q4a.1",61,10.56672,0,7,18.3600997924805,0,"No","lb1"
"777","q23",37,"e1q4a.1",26,30.08135,1,4,-0.128461107611656,0,"No","lb1"
"778","q23",56,"e1q4a.1",66,9.594375,1,1,3.78731536865234,0,"No","lb1"
"779","q23",56,"e1q4a.1",38,13.023971,1,14,20.7819290161133,0,"No","lb1"
"780","q23",47,"e1q4a.1",39,54.54139,1,5,21.955078125,0,"No","lb1"
"781","q23",64,"e1q4a.1",75,35.18986,1,1,9.9046630859375,0,"No","lb1"
"782","q23",36,"e1q4a.1",2,66.59598,1,3,4.12519836425781,0,"No","lb1"
"783","q23",36,"e1q4a.1",9,12.88808,1,3,12.2071151733398,0,"No","lb1"
"784","q23",36,"e1q4a.1",26,37.02501,1,3,0.186614692211151,0,"No","lb1"
"785","q23",41,"e1q4a.1",31,7.473118,1,2,0.115715026855469,1,"No","lb1"
"786","q23",52,"e1q4a.1",60,39.41981,0,2,15.0504684448242,0,"No","lb1"
"787","q23",54,"e1q4a.1",9,162.957656,1,21,0.0906600952148438,0,"No","lb1"
"788","q23",47,"e1q4a.1",35,38.31833,1,6,13.5693206787109,0,"No","lb1"
"789","q23",47,"e1q4a.1",44,75.72057,1,3,24.8772811889648,0,"No","lb1"
"790","q23",43,"e1q4a.1",40,17.41458,0,1,24.4438667297363,0,"No","lb1"
"791","q23",37,"e1q4a.1",30,26.70376,1,2,5.40569305419922,0,"No","lb1"
"792","q23",49,"e1q4a.1",33,64.03714,1,9,3.03295135498047,0,"No","lb1"
"793","q23",49,"e1q4a.1",35,10.56793,0,8,13.2273330688477,0,"No","lb1"
"794","q23",49,"e1q4a.1",47,11.09558,1,3,5.53634405136108,0,"No","lb1"
"795","q23",49,"e1q4a.1",49,28.82514,1,2,24.3942584991455,0,"No","lb1"
"796","q23",49,"e1q4a.1",44,32.10966,1,5,27.565803527832,0,"No","lb1"
"797","q23",49,"e1q4a.1",45,21.19879,0,5,13.1454553604126,0,"No","lb1"
"798","q23",59,"e1q4a.1",69,10.66933,0,1,4.60625457763672,0,"No","lb1"
"799","q23",52,"e1q4a.1",54,15.219969,0,2,22.078857421875,0,"No","lb1"
"800","q23",52,"e1q4a.1",55,4.655867,0,2,5.83290863037109,0,"No","lb1"
"801","q23",59,"e1q4a.1",67,161.08178,1,2,13.4536743164062,0,"No","lb1"
"802","q23",59,"e1q4a.1",68,51.4409,1,2,7.7127685546875,0,"No","lb1"
"803","q23",37,"e1q4a.1",9,26.78458,1,4,12.0523986816406,0,"No","lb1"
"804","q23",43,"e1q4a.1",41,2.231796,0,1,7.15585327148438,0,"No","lb1"
"805","q23",53,"e1q4a.1",26,73.53439,1,20,-0.100415848195553,0,"No","lb1"
"806","q23",40,"e1q4a.1",26,41.19145,1,7,-0.152459472417831,0,"No","lb1"
"807","q23",43,"e1q4a.1",36,44.43868,1,2,18.4785919189453,0,"No","lb1"
"808","q23",38,"e1q4a.1",30,75.92633,1,3,6.19158172607422,0,"No","lb1"
"809","q23",58,"e1q4a.1",50,29.74353,1,9,22.2393665313721,0,"No","lb1"
"810","q23",58,"e1q4a.1",66,4.105569,1,3,3.85467529296875,0,"No","lb1"
"811","q23",48,"e1q4a.1",38,115.22005,1,6,25.2467803955078,0,"No","lb1"
"812","q23",50,"e1q4a.1",49,54.32269,1,3,23.7274990081787,0,"No","lb1"
"813","q23",45,"e1q4a.1",9,108.151651,1,12,7.42870330810547,0,"No","lb1"
"814","q23",52,"e1q4a.1",56,65.19066,1,2,6.44789123535156,0,"No","lb1"
"815","q23",37,"e1q4a.1",2,34.76582,1,4,-0.0985488891601562,0,"No","lb1"
"816","q23",52,"e1q4a.1",62,18.47673,1,2,16.0321598052979,0,"No","lb1"
"817","q23",52,"e1q4a.1",44,35.02249,1,8,26.8078765869141,0,"No","lb1"
"818","q23",52,"e1q4a.1",46,49.40484,1,7,6.67041778564453,0,"No","lb1"
"819","q23",64,"e1q4a.1",74,56.78171,0,1,13.8698072433472,0,"No","lb1"
"820","q23",56,"e1q4a.1",47,39.65953,0,10,5.32567548751831,0,"No","lb1"
"821","q23",36,"e1q4a.1",30,12.79278,1,1,8.00251770019531,0,"No","lb1"
"822","q23",41,"e1q4a.1",30,21.310309,1,6,2.30397796630859,0,"No","lb1"
"823","q23",48,"e1q4a.1",49,23.96669,1,1,26.2164192199707,0,"No","lb1"
"824","q23",50,"e1q4a.1",46,36.79572,1,5,9.35881805419922,0,"No","lb1"
"825","q23",46,"e1q4a.1",45,11.93806,1,2,14.6291732788086,0,"No","lb1"
"826","q23",48,"e1q4a.1",26,31.74026,1,15,0.0604737922549248,1,"No","lb1"
"827","q23",54,"e1q4a.1",61,18.95323,1,4,22.4105129241943,0,"No","lb1"
"828","q23",48,"e1q4a.1",47,8.226944,1,2,4.82155561447144,0,"No","lb1"
"829","q23",54,"e1q4a.1",51,1.691071,0,5,12.8372392654419,0,"No","lb1"
"830","q23",65,"e1q4a.1",78,18.55644,1,1,3.99940490722656,0,"No","lb1"
"831","q23",65,"e1q4a.1",73,8.474456,0,2,10.4602737426758,0,"No","lb1"
"832","q23",52,"e1q4a.1",47,62.28687,1,6,4.34050416946411,0,"No","lb1"
"833","q23",52,"e1q4a.1",49,66.066435,1,5,24.9937973022461,0,"No","lb1"
"834","q23",50,"e1q4a.1",38,82.82438,1,8,24.3942642211914,0,"No","lb1"
"835","q23",50,"e1q4a.1",39,90.67907,1,8,17.6465148925781,0,"No","lb1"
"836","q23",50,"e1q4a.1",47,47.77357,1,4,4.05497932434082,0,"No","lb1"
"837","q23",38,"e1q4a.1",26,52.98889,1,5,-0.0492254309356213,0,"No","lb1"
"838","q23",46,"e1q4a.1",38,24.87287,1,4,26.1387710571289,0,"No","lb1"
"839","q23",46,"e1q4a.1",44,21.76328,1,2,26.8299026489258,0,"No","lb1"
"840","q23",48,"e1q4a.1",46,48.27031,1,3,8.41337585449219,0,"No","lb1"
"841","q23",54,"e1q4a.1",65,9.001217,0,1,46.2397575378418,0,"No","lb1"
"842","q23",58,"e1q4a.1",68,2.948585,1,1,12.4305267333984,0,"No","lb1"
"843","q23",52,"e1q4a.1",63,12.6481,0,1,0.118873596191406,1,"No","lb1"
"844","q23",48,"e1q4a.1",30,124.3001,1,13,-0.051177978515625,0,"No","lb1"
"845","q23",65,"e1q4a.1",75,75.86565,1,2,5.31212615966797,0,"No","lb1"
"846","q23",45,"e1q4a.1",38,38.44601,1,3,25.3222579956055,0,"No","lb1"
"847","q23",35,"e1q4a.1",2,63.87735,1,2,5.24153900146484,0,"No","lb1"
"848","q23",35,"e1q4a.1",29,10.46873,0,1,22.7546844482422,0,"No","lb1"
"849","q23",38,"e1q4a.1",9,75.90096,1,5,10.6513214111328,0,"No","lb1"
"850","q23",54,"e1q4a.1",47,61.22886,1,8,5.07350206375122,0,"No","lb1"
"851","q23",52,"e1q4a.1",50,35.620033,1,3,21.8737049102783,0,"No","lb1"
"852","q23",52,"e1q4a.1",51,16.17262,1,3,4.5479040145874,0,"No","lb1"
"853","q23",46,"e1q4a.1",9,91.5319,1,13,10.315185546875,0,"No","lb1"
"854","q23",48,"e1q4a.1",33,161.9679,1,8,0.17376708984375,0,"No","lb1"
"855","q23",51,"e1q4a.1",62,7.780057,1,1,15.963828086853,0,"No","lb1"
"856","q23",49,"e1q4a.1",9,256.5858,1,16,0.0747909545898438,0,"No","lb1"
"857","q23",51,"e1q4a.1",46,24.61823,1,6,6.98487091064453,0,"No","lb1"
"858","q23",64,"e1q4a.1",76,40.62214,0,1,3.4642345905304,0,"No","lb1"
"859","q23",46,"e1q4a.1",35,14.49648,1,5,11.5307312011719,0,"No","lb1"
"860","q23",34,"e1q4a.1",9,8.679645,1,1,9.707275390625,0,"No","lb1"
"861","q23",56,"e1q4a.1",61,15.72166,1,6,20.8483428955078,0,"No","lb1"
"862","q23",52,"e1q4a.1",52,18.866702,1,2,9.04264831542969,0,"No","lb1"
"863","q23",52,"e1q4a.1",61,25.28455,1,2,21.0381202697754,0,"No","lb1"
"864","q23",46,"e1q4a.1",30,74.76176,1,11,-0.0686721801757812,0,"No","lb1"
"865","q23",52,"e1q4a.1",9,327.31071,1,19,-0.0741729736328125,0,"No","lb1"
"866","q23",49,"e1q4a.1",43,13.93907,1,6,-0.526992797851562,1,"No","lb1"
"867","q23",51,"e1q4a.1",47,56.40002,1,5,2.9289391040802,0,"No","lb1"
"868","q23",51,"e1q4a.1",49,36.39385,1,4,26.8067741394043,0,"No","lb1"
"869","q23",51,"e1q4a.1",9,219.802708,1,18,-0.01165771484375,0,"No","lb1"
"870","q23",51,"e1q4a.1",56,5.414777,1,1,12.0135498046875,0,"No","lb1"
"871","q23",51,"e1q4a.1",53,6.41142,0,1,14.7844533920288,0,"No","lb1"
"872","q23",45,"e1q4a.1",26,70.956602,1,12,0.379215866327286,0,"No","lb1"
"873","q23",46,"e1q4a.1",26,41.766066,1,13,0.181053683161736,0,"No","lb1"
"874","q23",45,"e1q4a.1",30,53.64396,1,10,2.72513580322266,0,"No","lb1"
"875","q23",45,"e1q4a.1",44,8.975023,1,1,28.3175354003906,0,"No","lb1"
"876","q23",70,"e1q4a.1",80,95.04211,1,6,18.817756652832,0,"No","lb1"
"877","q23",49,"e1q4a.1",26,53.17815,1,16,0.318975985050201,0,"No","lb1"
"878","q23",43,"e1q4a.1",9,135.078846,1,10,2.62168884277344,0,"No","lb1"
"879","q23",54,"e1q4a.1",49,64.124146,1,7,24.259859085083,0,"No","lb1"
"880","q23",49,"e1q4a.1",30,69.68828,1,14,-0.190643310546875,0,"No","lb1"
"881","q23",45,"e1q4a.1",35,13.99854,1,4,12.9901962280273,0,"No","lb1"
"882","q23",70,"e1q4a.1",75,66.13557,1,7,7.52909851074219,0,"No","lb1"
"883","q23",59,"e1q4a.1",70,45.49763,0,1,16.5828399658203,0,"No","lb1"
"884","q23",64,"e1q4a.1",77,107.2785,1,1,19.4868583679199,0,"No","lb1"
"885","q23",54,"e1q4a.1",26,61.090048,1,21,-0.0890704542398453,0,"No","lb1"
"886","q23",59,"e1q4a.1",62,12.66175,1,9,18.0830097198486,0,"No","lb1"
"887","q23",70,"e1q4a.1",84,10.44332,1,1,13.3042068481445,0,"No","lb1"
"888","q23",70,"e1q4a.1",83,11.6302,1,1,28.7693786621094,0,"No","lb1"
"889","q23",46,"e1q4a.1",31,7.494887,1,7,0.303985595703125,1,"No","lb1"
"890","q23",46,"e1q4a.1",46,9.81759,1,1,6.08179473876953,0,"No","lb1"
"891","q23",49,"e1q4a.1",38,86.42046,1,7,23.5508804321289,0,"No","lb1"
"892","q23",64,"e1q4a.1",73,65.79591,1,1,6.88406372070312,0,"No","lb1"
"893","q23",49,"e1q4a.1",39,34.75811,1,7,17.6733016967773,0,"No","lb1"
"894","q23",54,"e1q4a.1",44,15.22378,0,10,26.6124496459961,0,"No","lb1"
"895","q23",54,"e1q4a.1",30,3.522917,0,19,0.041717529296875,1,"No","lb1"
"896","q23",70,"e1q4a.1",77,7.270432,0,7,38.7486915588379,0,"No","lb1"
"897","q23",54,"e1q4a.1",33,17.323732,1,14,-0.147377014160156,1,"No","lb1"
"898","q23",54,"e1q4a.1",39,7.536143,0,12,6.84375,0,"No","lb1"
"899","q23",45,"e1q4a.1",33,34.470976,1,5,1.27240753173828,0,"No","lb1"
"900","q23",59,"e1q4a.1",66,23.28437,1,4,4.05762481689453,0,"No","lb1"
"901","q23",48,"e1q4a.1",45,24.11635,1,4,9.69621658325195,0,"No","lb1"
"902","q23",61,"e1q4a.1",50,198.3645,1,12,12.187762260437,0,"No","lb1"
"903","q23",48,"e1q4a.1",48,3.983161,0,1,8.46075439453125,0,"No","lb1"
"904","q23",46,"e1q4a.1",39,26.84111,1,4,28.6089782714844,0,"No","lb1"
"905","q23",45,"e1q4a.1",31,7.861298,1,6,3.62307739257812,0,"No","lb1"
"906","q24",55,"e1q4a.2",16,36.00373,1,5,2.30855441093445,0,"No","lb1"
"907","q24",55,"e1q4a.2",10,301.66136,1,10,-0.108711160719395,0,"No","lb1"
"908","q24",51,"e1q4a.2",15,5.884423,1,1,40.9631729125977,0,"No","lb1"
"909","q24",51,"e1q4a.2",14,11.14571,1,1,16.8510818481445,0,"No","lb1"
"910","q24",53,"e1q4a.2",23,13.01322,1,2,36.398853302002,0,"No","lb1"
"911","q24",55,"e1q4a.2",11,46.6808,1,8,-0.122306823730469,0,"No","lb1"
"912","q24",66,"e1q4a.2",59,0.6769284,0,1,11.4471225738525,0,"No","lb1"
"913","q24",51,"e1q4a.2",10,61.40208,1,6,8.63057708740234,0,"No","lb1"
"914","q24",66,"e1q4a.2",58,0.6837952,0,1,14.4792137145996,0,"No","lb1"
"915","q24",51,"e1q4a.2",12,5.952754,0,2,23.3428249359131,0,"No","lb1"
"916","q24",52,"e1q4a.2",14,23.267301,1,2,14.8892440795898,0,"No","lb1"
"917","q24",57,"e1q4a.2",10,220.71144,1,12,1.08106803894043,0,"No","lb1"
"918","q24",50,"e1q4a.2",9,53.08283,1,6,29.0570182800293,0,"No","lb1"
"919","q24",58,"e1q4a.2",16,17.96388,1,8,4.50928258895874,0,"No","lb1"
"920","q24",55,"e1q4a.2",17,33.980062,1,5,18.5441703796387,0,"No","lb1"
"921","q24",51,"e1q4a.2",11,25.77164,1,4,0.50628662109375,0,"No","lb1"
"922","q24",57,"e1q4a.2",11,75.21635,1,10,0.180595397949219,0,"No","lb1"
"923","q24",52,"e1q4a.2",26,21.39089,1,1,3.38097524642944,0,"No","lb1"
"924","q24",58,"e1q4a.2",10,204.86458,1,13,2.65730905532837,0,"No","lb1"
"925","q24",46,"e1q4a.2",9,16.15549,1,2,29.1569328308105,0,"No","lb1"
"926","q24",54,"e1q4a.2",32,11.59849,0,1,0.028228759765625,1,"No","lb1"
"927","q24",54,"e1q4a.2",23,13.918135,1,3,33.0310134887695,0,"No","lb1"
"928","q24",52,"e1q4a.2",9,154.299558,1,8,16.9897441864014,0,"No","lb1"
"929","q24",54,"e1q4a.2",30,10.20786,1,1,18.0559539794922,0,"No","lb1"
"930","q24",58,"e1q4a.2",18,69.453788,1,8,12.4771060943604,0,"No","lb1"
"931","q24",58,"e1q4a.2",23,20.36452,1,7,35.3824996948242,0,"No","lb1"
"932","q24",49,"e1q4a.2",10,72.99207,1,4,3.25218749046326,0,"No","lb1"
"933","q24",59,"e1q4a.2",23,51.37075,0,8,35.6503295898438,0,"No","lb1"
"934","q24",60,"e1q4a.2",17,78.73368,1,10,15.3184747695923,0,"No","lb1"
"935","q24",58,"e1q4a.2",11,86.43745,1,11,-0.203742980957031,0,"No","lb1"
"936","q24",56,"e1q4a.2",11,57.79313,1,9,0.405220031738281,0,"No","lb1"
"937","q24",51,"e1q4a.2",16,7.497427,1,1,4.32124137878418,0,"No","lb1"
"938","q24",43,"e1q4a.2",7,4.259752,0,1,9.7909107208252,0,"No","lb1"
"939","q24",52,"e1q4a.2",13,18.83042,1,2,1.52915954589844,0,"No","lb1"
"940","q24",58,"e1q4a.2",14,79.41409,1,8,13.8161239624023,0,"No","lb1"
"941","q24",60,"e1q4a.2",10,172.72814,1,15,8.8118143081665,0,"No","lb1"
"942","q24",56,"e1q4a.2",14,57.651321,1,6,19.6613845825195,0,"No","lb1"
"943","q24",54,"e1q4a.2",31,9.747556,0,1,29.9561462402344,0,"No","lb1"
"944","q24",54,"e1q4a.2",13,34.75892,0,4,-0.028411865234375,0,"No","lb1"
"945","q24",59,"e1q4a.2",18,98.7535154,1,9,11.487832069397,0,"No","lb1"
"946","q24",51,"e1q4a.2",9,103.9352,1,7,23.3536338806152,0,"No","lb1"
"947","q24",51,"e1q4a.2",17,3.592865,1,1,35.1658325195312,0,"No","lb1"
"948","q24",51,"e1q4a.2",20,0.7234604,0,1,20.6010589599609,0,"No","lb1"
"949","q24",59,"e1q4a.2",36,77.96603,1,3,-0.245758056640625,0,"No","lb1"
"950","q24",58,"e1q4a.2",36,33.50198,1,2,0.234535217285156,0,"No","lb1"
"951","q24",57,"e1q4a.2",16,20.63607,0,7,3.28395009040833,0,"No","lb1"
"952","q24",59,"e1q4a.2",35,24.56526,1,4,-1.08319866657257,1,"No","lb1"
"953","q24",52,"e1q4a.2",24,2.093788,0,1,43.5412788391113,0,"No","lb1"
"954","q24",56,"e1q4a.2",10,222.447291,1,11,1.75964713096619,0,"No","lb1"
"955","q24",60,"e1q4a.2",18,58.83565,1,10,9.13113021850586,0,"No","lb1"
"956","q24",61,"e1q4a.2",34,37.21889,1,7,2.93828582763672,0,"No","lb1"
"957","q24",59,"e1q4a.2",17,148.490252,1,9,15.070219039917,0,"No","lb1"
"958","q24",64,"e1q4a.2",10,274.50452,1,19,11.3557949066162,0,"No","lb1"
"959","q24",49,"e1q4a.2",9,63.82352,1,5,24.0067501068115,0,"No","lb1"
"960","q24",66,"e1q4a.2",57,1.815201,0,1,2.82475185394287,1,"No","lb1"
"961","q24",50,"e1q4a.2",12,2.885414,1,1,26.672534942627,0,"No","lb1"
"962","q24",45,"e1q4a.2",9,10.379,1,1,28.3390636444092,0,"No","lb1"
"963","q24",59,"e1q4a.2",37,3.682662,1,2,18.455114364624,0,"No","lb1"
"964","q24",59,"e1q4a.2",38,2.894382,0,1,9.58173370361328,0,"No","lb1"
"965","q24",52,"e1q4a.2",22,3.725707,1,1,14.6888275146484,0,"No","lb1"
"966","q24",52,"e1q4a.2",23,10.19774,1,1,33.2521438598633,0,"No","lb1"
"967","q24",60,"e1q4a.2",16,15.84846,1,10,4.36081314086914,0,"No","lb1"
"968","q24",51,"e1q4a.2",18,13.79098,1,1,25.5408325195312,0,"No","lb1"
"969","q24",51,"e1q4a.2",19,0.7234613,0,1,20.5190601348877,0,"No","lb1"
"970","q24",64,"e1q4a.2",11,33.88029,0,17,0.151763916015625,1,"No","lb1"
"971","q24",48,"e1q4a.2",9,38.0787,1,4,27.2392997741699,0,"No","lb1"
"972","q24",65,"e1q4a.2",46,7.784727,0,1,-0.0881576538085938,1,"No","lb1"
"973","q24",65,"e1q4a.2",48,5.798759,0,1,1.61093139648438,1,"No","lb1"
"974","q24",60,"e1q4a.2",27,135.16335,1,8,23.3799743652344,0,"No","lb1"
"975","q24",60,"e1q4a.2",34,8.404138,1,6,6.12088966369629,0,"No","lb1"
"976","q24",54,"e1q4a.2",11,77.11176,1,7,0.019195556640625,0,"No","lb1"
"977","q24",52,"e1q4a.2",10,176.805458,1,7,4.72838687896729,0,"No","lb1"
"978","q24",58,"e1q4a.2",17,93.797299,1,8,17.0699977874756,0,"No","lb1"
"979","q24",58,"e1q4a.2",9,90.48001,1,14,24.7795467376709,0,"No","lb1"
"980","q24",58,"e1q4a.2",37,16.72068,1,1,16.1008148193359,0,"No","lb1"
"981","q24",54,"e1q4a.2",28,27.2299,1,2,21.5962352752686,0,"No","lb1"
"982","q24",54,"e1q4a.2",29,5.382249,0,1,-0.00202178955078125,1,"No","lb1"
"983","q24",48,"e1q4a.2",11,4.510783,1,1,1.59954833984375,1,"No","lb1"
"984","q24",65,"e1q4a.2",45,20.8596,0,1,-0.32623291015625,1,"No","lb1"
"985","q24",57,"e1q4a.2",35,4.114276,1,2,1.22728312015533,1,"No","lb1"
"986","q24",57,"e1q4a.2",36,54.11135,1,1,-0.272613525390625,0,"No","lb1"
"987","q24",57,"e1q4a.2",27,36.649,1,5,28.3344116210938,0,"No","lb1"
"988","q24",57,"e1q4a.2",9,91.3746,1,13,26.1841335296631,0,"No","lb1"
"989","q24",65,"e1q4a.2",47,7.780042,0,1,0.799331665039062,0,"No","lb1"
"990","q24",60,"e1q4a.2",37,10.85934,1,3,15.373384475708,0,"No","lb1"
"991","q24",60,"e1q4a.2",41,20.34617,1,2,0.00196075439453125,1,"No","lb1"
"992","q24",52,"e1q4a.2",17,6.548365,1,2,32.3504028320312,0,"No","lb1"
"993","q24",52,"e1q4a.2",25,1.74015,0,1,44.2113761901855,0,"No","lb1"
"994","q24",51,"e1q4a.2",13,22.30284,1,1,-0.696052551269531,1,"No","lb1"
"995","q24",59,"e1q4a.2",41,15.98116,1,1,-0.3653564453125,1,"No","lb1"
"996","q24",60,"e1q4a.2",14,63.68214,1,10,15.7667007446289,0,"No","lb1"
"997","q24",57,"e1q4a.2",34,11.01576,1,3,4.84514617919922,0,"No","lb1"
"998","q24",66,"e1q4a.2",10,86.370706,1,21,11.5905857086182,0,"No","lb1"
"999","q24",66,"e1q4a.2",50,27.30263,0,2,37.9140129089355,0,"No","lb1"
"1000","q24",49,"e1q4a.2",11,9.263676,1,2,0.367820739746094,1,"No","lb1"
"1001","q24",45,"e1q4a.2",8,11.30015,0,1,37.2510223388672,0,"No","lb1"
"1002","q24",52,"e1q4a.2",11,57.84603,1,5,-1.41667175292969,0,"No","lb1"
"1003","q24",61,"e1q4a.2",41,29.21216,1,3,0.135475158691406,1,"No","lb1"
"1004","q24",61,"e1q4a.2",42,13.22548,0,1,0.001708984375,1,"No","lb1"
"1005","q24",60,"e1q4a.2",9,85.82494,1,16,34.9981956481934,0,"No","lb1"
"1006","q24",60,"e1q4a.2",36,44.58007,1,4,4.39872741699219,0,"No","lb1"
"1007","q24",54,"e1q4a.2",26,19.61631,0,3,1.88129031658173,0,"No","lb1"
"1008","q24",60,"e1q4a.2",11,15.68269,1,13,8.73352813720703,0,"No","lb1"
"1009","q24",57,"e1q4a.2",14,82.81568,1,7,13.6853866577148,0,"No","lb1"
"1010","q24",48,"e1q4a.2",10,57.80141,1,3,6.27078104019165,0,"No","lb1"
"1011","q24",61,"e1q4a.2",27,104.3165,0,9,21.0471649169922,0,"No","lb1"
"1012","q24",53,"e1q4a.2",21,9.444759,0,2,5.4027533531189,0,"No","lb1"
"1013","q24",61,"e1q4a.2",35,29.66627,0,6,0.447668641805649,0,"No","lb1"
"1014","q24",61,"e1q4a.2",36,93.04682,1,5,0.0159835815429688,0,"No","lb1"
"1015","q24",61,"e1q4a.2",37,15.27937,1,4,15.5124101638794,0,"No","lb1"
"1016","q24",53,"e1q4a.2",9,82.36725,1,9,23.7849502563477,0,"No","lb1"
"1017","q24",53,"e1q4a.2",17,13.914088,1,3,25.6173515319824,0,"No","lb1"
"1018","q24",52,"e1q4a.2",16,16.85091,1,2,1.76979446411133,0,"No","lb1"
"1019","q24",61,"e1q4a.2",11,117.13492,1,14,-0.0149765014648438,0,"No","lb1"
"1020","q24",57,"e1q4a.2",17,93.3941,1,7,17.0931930541992,0,"No","lb1"
"1021","q24",57,"e1q4a.2",18,98.6948,1,7,13.4530668258667,0,"No","lb1"
"1022","q24",61,"e1q4a.2",17,120.1931,1,11,17.1404647827148,0,"No","lb1"
"1023","q24",61,"e1q4a.2",18,162.46397,1,11,10.1930341720581,0,"No","lb1"
"1024","q24",53,"e1q4a.2",16,18.15863,1,3,3.77862668037415,0,"No","lb1"
"1025","q24",70,"e1q4a.2",63,10.50929,0,1,34.9265289306641,0,"No","lb1"
"1026","q24",53,"e1q4a.2",18,22.22724,1,3,25.5778617858887,0,"No","lb1"
"1027","q24",53,"e1q4a.2",27,1.634578,1,1,28.0426788330078,0,"No","lb1"
"1028","q24",53,"e1q4a.2",28,8.566562,1,1,24.1655426025391,0,"No","lb1"
"1029","q24",59,"e1q4a.2",27,75.91061,1,7,23.5964279174805,0,"No","lb1"
"1030","q24",59,"e1q4a.2",34,14.54652,1,5,2.5445556640625,0,"No","lb1"
"1031","q24",61,"e1q4a.2",10,407.69866,1,16,-0.468857496976852,0,"No","lb1"
"1032","q24",61,"e1q4a.2",9,221.5763,1,17,24.528247833252,0,"No","lb1"
"1033","q24",52,"e1q4a.2",21,8.904053,1,1,8.18355560302734,0,"No","lb1"
"1034","q24",52,"e1q4a.2",15,1.920946,0,2,43.5706748962402,0,"No","lb1"
"1035","q24",53,"e1q4a.2",13,12.04951,1,3,0.58074951171875,1,"No","lb1"
"1036","q24",53,"e1q4a.2",14,29.31784,1,3,14.1735382080078,0,"No","lb1"
"1037","q24",70,"e1q4a.2",62,17.36418,0,1,5.74931859970093,0,"No","lb1"
"1038","q24",59,"e1q4a.2",16,16.06288,1,9,6.41270399093628,0,"No","lb1"
"1039","q24",70,"e1q4a.2",64,6.1085,0,1,42.6281509399414,0,"No","lb1"
"1040","q24",66,"e1q4a.2",54,10.26168,0,2,23.2550659179688,0,"No","lb1"
"1041","q24",46,"e1q4a.2",10,27.36616,1,1,9.75901317596436,0,"No","lb1"
"1042","q24",56,"e1q4a.2",16,49.36864,1,6,3.59180951118469,0,"No","lb1"
"1043","q24",56,"e1q4a.2",17,48.604288,1,6,16.7918243408203,0,"No","lb1"
"1044","q24",56,"e1q4a.2",18,54.523483,1,6,12.6976232528687,0,"No","lb1"
"1045","q24",54,"e1q4a.2",14,36.11808,1,4,16.9339218139648,0,"No","lb1"
"1046","q24",53,"e1q4a.2",10,209.546386,1,8,1.98560893535614,0,"No","lb1"
"1047","q24",53,"e1q4a.2",11,26.91742,1,6,-0.630538940429688,1,"No","lb1"
"1048","q24",59,"e1q4a.2",10,314.72027,1,14,0.801945626735687,0,"No","lb1"
"1049","q24",70,"e1q4a.2",61,35.62449,0,1,12.3932847976685,0,"No","lb1"
"1050","q24",59,"e1q4a.2",9,198.0164,1,15,26.7486572265625,0,"No","lb1"
"1051","q24",34,"e1q4a.2",6,16.86884,0,1,21.1145858764648,0,"No","lb1"
"1052","q24",55,"e1q4a.2",27,17.668048,1,3,26.6750106811523,0,"No","lb1"
"1053","q24",55,"e1q4a.2",23,21.235907,1,4,32.2797317504883,0,"No","lb1"
"1054","q24",55,"e1q4a.2",28,8.408563,1,3,23.8918075561523,0,"No","lb1"
"1055","q24",50,"e1q4a.2",10,62.01356,1,5,10.6303176879883,0,"No","lb1"
"1056","q24",65,"e1q4a.2",49,3.562827,0,1,0.511466979980469,1,"No","lb1"
"1057","q24",65,"e1q4a.2",50,76.0993,1,1,36.1559181213379,0,"No","lb1"
"1058","q24",65,"e1q4a.2",52,67.31187,1,1,21.3503036499023,0,"No","lb1"
"1059","q24",54,"e1q4a.2",10,168.41253,1,9,2.36564755439758,0,"No","lb1"
"1060","q24",52,"e1q4a.2",18,15.356835,1,2,21.494607925415,0,"No","lb1"
"1061","q24",59,"e1q4a.2",39,6.070247,0,1,34.6306762695312,0,"No","lb1"
"1062","q24",59,"e1q4a.2",11,79.13838,1,12,0.134323120117188,0,"No","lb1"
"1063","q24",59,"e1q4a.2",14,153.6566,1,9,10.7556533813477,0,"No","lb1"
"1064","q24",54,"e1q4a.2",16,20.22379,1,4,1.72002565860748,0,"No","lb1"
"1065","q24",65,"e1q4a.2",10,235.44545,1,20,13.6951217651367,0,"No","lb1"
"1066","q24",55,"e1q4a.2",33,3.912047,0,1,15.6758260726929,0,"No","lb1"
"1067","q24",70,"e1q4a.2",65,11.43203,0,1,27.8863830566406,0,"No","lb1"
"1068","q24",65,"e1q4a.2",53,13.59358,0,1,-0.308090209960938,1,"No","lb1"
"1069","q24",55,"e1q4a.2",30,2.307945,0,2,25.6647033691406,0,"No","lb1"
"1070","q24",56,"e1q4a.2",27,4.311807,1,4,28.1442184448242,0,"No","lb1"
"1071","q24",56,"e1q4a.2",23,6.633935,1,5,37.3413696289062,0,"No","lb1"
"1072","q24",47,"e1q4a.2",9,43.62947,1,3,25.8360691070557,0,"No","lb1"
"1073","q24",65,"e1q4a.2",54,20.00465,1,1,22.3125629425049,0,"No","lb1"
"1074","q24",55,"e1q4a.2",14,59.227246,1,5,13.9383010864258,0,"No","lb1"
"1075","q24",59,"e1q4a.2",40,2.97055,0,1,40.5837249755859,0,"No","lb1"
"1076","q24",55,"e1q4a.2",34,9.678957,1,1,3.12576293945312,0,"No","lb1"
"1077","q24",65,"e1q4a.2",55,18.42778,0,1,10.0204162597656,0,"No","lb1"
"1078","q24",66,"e1q4a.2",56,0.6769158,1,2,7.8555793762207,0,"No","lb1"
"1079","q24",54,"e1q4a.2",17,18.44837,1,4,18.3902454376221,0,"No","lb1"
"1080","q24",54,"e1q4a.2",18,35.072682,1,4,14.3026313781738,0,"No","lb1"
"1081","q24",55,"e1q4a.2",9,109.89903,1,11,23.5289726257324,0,"No","lb1"
"1082","q24",70,"e1q4a.2",10,35.546749,0,25,21.6753253936768,0,"No","lb1"
"1083","q24",55,"e1q4a.2",18,51.329818,1,5,13.0884866714478,0,"No","lb1"
"1084","q24",67,"e1q4a.2",10,41.555778,1,22,8.69645881652832,0,"No","lb1"
"1085","q24",54,"e1q4a.2",22,4.181622,0,3,16.6562652587891,0,"No","lb1"
"1086","q24",65,"e1q4a.2",56,19.86178,1,1,3.60222196578979,0,"No","lb1"
"1087","q24",56,"e1q4a.2",28,11.215795,0,4,22.6853656768799,0,"No","lb1"
"1088","q24",67,"e1q4a.2",56,15.30917,0,3,3.78888535499573,0,"No","lb1"
"1089","q24",65,"e1q4a.2",51,3.743381,0,1,5.80246734619141,0,"No","lb1"
"1090","q24",56,"e1q4a.2",9,76.66211,1,12,23.72119140625,0,"No","lb1"
"1091","q24",61,"e1q4a.2",16,24.989,1,11,3.02946710586548,0,"No","lb1"
"1092","q24",61,"e1q4a.2",14,214.1729,1,11,7.82093811035156,0,"No","lb1"
"1093","q24",56,"e1q4a.2",35,7.440761,1,1,-1.08300113677979,1,"No","lb1"
"1094","q24",47,"e1q4a.2",10,58.21929,1,2,5.4655613899231,0,"No","lb1"
"1095","q24",67,"e1q4a.2",52,3.139115,0,3,30.0826416015625,0,"No","lb1"
"1096","q24",66,"e1q4a.2",60,0.676928,0,1,10.7783918380737,0,"No","lb1"
"1097","q25",44,"e1q5.1",16,48.05289,1,2,3.83174228668213,0,"No","bb1"
"1098","q25",49,"e1q5.1",14,9.628348,0,8,18.7227363586426,0,"No","bb1"
"1099","q25",45,"e1q5.1",16,36.29083,1,3,1.9721223115921,0,"No","bb1"
"1100","q25",44,"e1q5.1",17,22.52239,0,2,1.89968478679657,0,"No","bb1"
"1101","q25",46,"e1q5.1",14,21.39762,1,5,20.5370903015137,0,"No","bb1"
"1102","q25",34,"e1q5.1",13,23.52946,0,1,1.80694186687469,0,"No","bb1"
"1103","q25",47,"e1q5.1",19,33.92163,1,1,0.99903678894043,0,"No","bb1"
"1104","q25",34,"e1q5.1",11,95.90392,0,1,7.88608455657959,0,"No","bb1"
"1105","q25",34,"e1q5.1",12,17.79374,0,1,5.8518385887146,0,"No","bb1"
"1106","q25",49,"e1q5.1",16,54.72442,1,7,5.55788850784302,0,"No","bb1"
"1107","q25",46,"e1q5.1",16,54.64282,1,4,5.7229905128479,0,"No","bb1"
"1108","q25",43,"e1q5.1",14,90.75385,1,2,13.2409648895264,0,"No","bb1"
"1109","q25",50,"e1q5.1",16,30.13538,0,8,3.49456310272217,0,"No","bb1"
"1110","q25",52,"e1q5.1",20,11.85309,0,1,0.814127802848816,1,"No","bb1"
"1111","q25",45,"e1q5.1",14,27.5186,1,4,18.4167518615723,0,"No","bb1"
"1112","q25",44,"e1q5.1",14,39.82266,1,3,17.0224571228027,0,"No","bb1"
"1113","q25",48,"e1q5.1",14,52.85686,1,7,19.5475254058838,0,"No","bb1"
"1114","q25",34,"e1q5.1",3,70.4293,0,1,0.027625435963273,0,"No","bb1"
"1115","q25",43,"e1q5.1",15,0.7105801,0,1,28.153636932373,0,"No","bb1"
"1116","q25",43,"e1q5.1",16,21.02899,1,1,6.99937343597412,0,"No","bb1"
"1117","q25",47,"e1q5.1",18,40.09209,0,1,8.86097145080566,0,"No","bb1"
"1118","q25",47,"e1q5.1",16,29.971,1,5,6.7928261756897,0,"No","bb1"
"1119","q25",48,"e1q5.1",16,69.1845,1,6,6.57106018066406,0,"No","bb1"
"1120","q25",48,"e1q5.1",19,53.71419,0,2,0.248583048582077,0,"No","bb1"
"1121","q25",43,"e1q5.1",17,2.37078,1,1,3.33419108390808,0,"No","bb1"
"1122","q25",42,"e1q5.1",14,51.83867,1,1,19.9678840637207,0,"No","bb1"
"1123","q31",35,"e2q2.3",25,5.148005,1,1,17.1886825561523,0,"No","lb2"
"1124","q31",38,"e2q2.3",25,47.14666,1,4,14.3903713226318,0,"No","lb2"
"1125","q31",39,"e2q2.3",23,68.395,0,5,13.6499996185303,0,"No","lb2"
"1126","q31",38,"e2q2.3",23,39.13742,1,4,18.2007999420166,0,"No","lb2"
"1127","q31",35,"e2q2.3",24,3.011105,0,1,20.3914051055908,0,"No","lb2"
"1128","q31",35,"e2q2.3",23,4.630469,1,1,18.2038078308105,0,"No","lb2"
"1129","q31",39,"e2q2.3",25,30.4275,0,5,11.75,0,"No","lb2"
"1130","q31",35,"e2q2.3",40,36.80924,1,1,-0.492076069116592,0,"No","lb2"
"1131","q31",38,"e2q2.3",40,51.24673,0,4,-0.0386585853993893,0,"No","lb2"
"1132","q31",37,"e2q2.3",41,6.459239,0,1,0.848037719726562,1,"No","lb2"
"1133","q31",37,"e2q2.3",23,38.4108,1,3,14.623330116272,0,"No","lb2"
"1134","q31",37,"e2q2.3",25,30.50385,1,3,13.2690362930298,0,"No","lb2"
"1135","q31",37,"e2q2.3",40,48.91872,1,3,0.177019417285919,0,"No","lb2"
"1136","q32",35,"e2q2.4",11,8.885158,0,2,37.353385925293,0,"No","lb2"
"1137","q32",34,"e2q2.4",3,28.32499,1,1,7.0128173828125,0,"No","lb2"
"1138","q32",37,"e2q2.4",8,21.975645,0,4,27.1805038452148,0,"No","lb2"
"1139","q32",49,"e2q2.4",27,1.316631,0,1,0.780388176441193,1,"No","lb2"
"1140","q32",34,"e2q2.4",9,10.6171,0,1,27.9263687133789,0,"No","lb2"
"1141","q32",37,"e2q2.4",26,11.01046,0,1,-0.494674772024155,1,"No","lb2"
"1142","q32",34,"e2q2.4",23,18.43176,0,1,10.4168634414673,0,"No","lb2"
"1143","q32",34,"e2q2.4",20,9.152171,1,1,2.07973551750183,0,"No","lb2"
"1144","q32",35,"e2q2.4",8,6.971729,1,2,29.2313003540039,0,"No","lb2"
"1145","q32",34,"e2q2.4",7,56.69354,1,1,12.2945251464844,0,"No","lb2"
"1146","q32",34,"e2q2.4",8,41.09557,1,1,24.8030548095703,0,"No","lb2"
"1147","q32",39,"e2q2.4",25,17.76847,0,3,1.5712023973465,0,"No","lb2"
"1148","q32",34,"e2q2.4",2,8.470727,0,1,1.17021179199219,1,"No","lb2"
"1149","q32",35,"e2q2.4",20,12.9061,1,2,6.75497770309448,0,"No","lb2"
"1150","q32",39,"e2q2.4",20,16.8416,0,6,11.5091066360474,0,"No","lb2"
"1151","q32",35,"e2q2.4",7,5.359028,0,2,15.7403564453125,0,"No","lb2"
"1152","q32",34,"e2q2.4",12,16.6323,0,1,25.4285888671875,0,"No","lb2"
"1153","q32",35,"e2q2.4",14,6.367946,0,2,10.3816680908203,0,"No","lb2"
"1154","q32",35,"e2q2.4",3,9.725749,0,2,7.25634002685547,0,"No","lb2"
"1155","q32",34,"e2q2.4",11,40.53746,1,1,34.7598190307617,0,"No","lb2"
"1156","q32",34,"e2q2.4",19,14.93719,0,1,26.1472034454346,0,"No","lb2"
"1157","q32",34,"e2q2.4",14,28.16582,1,1,6.02407073974609,0,"No","lb2"
"1158","q32",34,"e2q2.4",10,13.99388,0,1,17.2931156158447,0,"No","lb2"
"1159","q32",34,"e2q2.4",18,10.46256,0,1,4.3332257270813,0,"No","lb2"
"1160","q32",37,"e2q2.4",25,9.373589,1,1,2.59650564193726,0,"No","lb2"
"1161","q32",34,"e2q2.4",15,43.88078,0,1,11.1372680664062,0,"No","lb2"
"1162","q32",37,"e2q2.4",24,4.210982,0,1,0.30394446849823,1,"No","lb2"
"1163","q32",37,"e2q2.4",20,14.13468,1,4,10.5701169967651,0,"No","lb2"
