"quad","year","SP_ID","x","y","GenID"
"A5P",17,"9","69.0494001448487","7.89315808580755","9"
"A5P",17,"10","89.8278654542042","5.64369156108143","10"
"A5P",17,"11","99.2870024960595","8.17683102076207","11"
"A5P",17,"12","99.3676013505045","18.0773815476284","12"
"A5P",17,"13","73.5057569215386","16.0547542245642","13"
"A5P",17,"14","79.410137557094","27.861767268204","14"
"A5P",17,"15","79.9595754008502","34.5615714044214","15"
"A5P",17,"16","81.8028506017477","41.1692983726577","16"
"A5P",17,"17","98.1734430785145","47.4312512837769","17"
"A5P",17,"21","0.44269731010869","60.6697059373107","21"
"A5P",17,"24","81.9580078125","55.6396484375","24"
"AW2",22,"101","29.051748395678","96.0280817753846","101"
"AW2",22,"102","45.4589838863561","95.1235620792881","102"
"AW2",22,"103","49.9845434587019","88.2757901201643","103"
"AW2",22,"104","36.9643278897776","81.1043051400604","104"
"AW2",22,"105","25.0692038863413","86.9355973648375","105"
"AW2",22,"106","21.8054477676304","82.9121807889051","106"
"AW2",22,"107","1.23479945093607","89.7149411387823","107"
"AW2",22,"108","1.96115542353393","75.8859193661079","108"
"AW2",22,"109","21.974488246193","62.6408860186611","109"
"AW2",22,"110","18.4581954823564","61.3471666391782","110"
"AW2",22,"111","22.1035064792174","58.2751026271273","111"
"AW2",22,"112","33.3648002489652","73.2341521781775","112"
"AW2",22,"113","30.2891371744776","71.4485180103338","113"
"AW2",22,"114","34.3551883784409","69.8872718204216","114"
"AW2",22,"115","35.7846794895291","67.054659615443","115"
"AW2",22,"116","28.946664744306","65.4583382171212","116"
"AW2",22,"117","30.9369619088021","66.6019394041225","117"
"AW2",22,"118","15.6154419605231","44.2991830074524","118"
"AW2",22,"119","27.9008266600481","42.2540760709203","119"
"AW2",22,"120","68.7818695893272","87.3081458545073","120"
"AW2",22,"121","92.7201733845558","66.7538414038342","121"
"AW2",22,"142","30.078125","40.6005859375","142"
"BW1",22,"36","97.4922168522844","63.9212315228215","36"
"BW1",22,"37","96.066229875626","70.3316383751459","37"
"BW1",22,"38","88.8742769177883","76.1970753116736","38"
"BW1",22,"39","90.136692688699","79.0704533755223","39"
"BW1",22,"40","84.6211757796402","81.2552626929432","40"
"BW1",22,"41","80.6725754501888","82.3484298789529","41"
"BW1",22,"42","78.7953593138269","78.6328518473717","42"
"BW1",22,"43","81.9048878035076","76.9499604673708","43"
"BW1",22,"44","94.4548535643122","82.9465685911997","44"
"BW1",22,"45","93.1831234882785","96.766564020365","45"
"BW1",22,"46","90.3071724842899","94.6367057371674","46"
"BW1",22,"47","61.6112623470928","95.6522295194709","47"
"BW1",22,"48","62.5262998119942","81.9489987613831","48"
"BW1",22,"49","72.2076851954695","72.8243333944277","49"
"BW1",22,"50","69.444448029632","69.5242953373087","50"
"BW1",22,"51","72.3890518320211","63.792907666","51"
"BW1",22,"52","67.7493845620516","63.8532405685434","52"
"BW1",22,"53","64.6226184584278","64.9022014242096","53"
"BW1",22,"54","67.6134657176916","58.5190584778912","54"
"BW1",22,"55","58.1854746400338","52.0397656568966","55"
"BW1",22,"56","74.1926428506954","46.7716805928276","56"
"BW1",22,"67","64.117431640625","62.158203125","67"
"BW1",22,"68","97.418212890625","66.76025390625","68"
"BW2",22,"0","0.8364150963953","99.0281850185222","0"
"BW2",22,"1","18.6021393052629","94.304041526533","1"
"BW2",22,"2","16.3879013335576","95.2984516494744","2"
"BW2",22,"3","19.734385445977","98.2785197494616","3"
"BW2",22,"5","10.313944377939","95.2263508472919","5"
"BW2",22,"6","14.5863141246911","80.562638802967","6"
"BW2",22,"7","13.0356725049466","78.9752619782413","7"
"BW2",22,"8","19.4125102473598","71.4318265487086","8"
"BW2",22,"9","11.8077442777213","74.3529421203901","9"
"BW2",22,"10","12.2043614439946","70.970621873124","10"
"BW2",22,"11","3.48801922931434","69.8197787193556","11"
"BW2",22,"12","0.8378041328305","72.6949980153213","12"
"BW2",22,"13","4.12690267400632","54.2083619920622","13"
"BW2",22,"14","6.41292531529575","55.7662727084534","14"
"BW2",22,"15","31.0196647342315","71.2753527074464","15"
"BW2",22,"16","22.3293874724418","46.9479427038026","16"
"BW2",22,"17","34.1280762810903","50.3848934814472","17"
"BW2",22,"18","36.8709219358332","59.1560419937836","18"
"BW2",22,"19","40.8668331479035","57.9009428962862","19"
"BW2",22,"20","39.6243490568779","53.9573263805059","20"
"BW2",22,"21","42.7333846377385","47.2939000343275","21"
"BW2",22,"22","59.8937972011084","51.7459938628039","22"
"BW2",22,"23","54.9794526671669","50.0407046507793","23"
"BW2",22,"24","50.2565640787495","42.1198599438633","24"
"BW2",22,"25","9.24308557956507","34.4234708737322","25"
"BW2",22,"26","15.2695260643955","22.1645371460141","26"
"BW2",22,"27","9.3727290421156","22.9577091822866","27"
"BW2",22,"28","31.4862962828559","14.3087247445395","28"
"BW2",22,"29","32.0529089898378","7.92562644117314","29"
"BW2",22,"30","29.5063644467411","10.2829090516436","30"
"BW2",22,"31","25.4818859022701","10.3543358413132","31"
"BW2",22,"32","14.2426354772466","2.27649883751526","32"
"BW2",22,"33","18.0599654879937","2.68697092984504","33"
"BW2",22,"34","52.1208417843412","3.670200725924","34"
"BW2",22,"35","48.0627764277281","4.20767540370207","35"
"BW2",22,"36","46.6388567273126","7.83540882471862","36"
"BW2",22,"37","48.2007277885644","20.8626237737824","37"
"BW2",22,"38","50.542690850128","30.1510213184777","38"
"BW2",22,"39","44.2820597320406","20.5730308217276","39"
"BW2",22,"40","41.7500726810805","25.4194316251636","40"
"BW2",22,"41","93.1378743659535","90.5119956357491","41"
"BW2",22,"42","91.46564454539","87.4027371019289","42"
"BW2",22,"43","78.2859427271048","95.5995793861513","43"
"BW2",22,"44","81.7027857655594","86.7128016642834","44"
"BW2",22,"45","86.4188916159238","85.3948768220297","45"
"BW2",22,"46","68.7466356498571","85.5564536290974","46"
"BW2",22,"47","75.581799788626","91.308162659355","47"
"BW2",22,"60","60.638427734375","12.3779296875","60"
"BW2",22,"61","62.078857421875","18.902587890625","61"
"BW2",22,"64","46.820068359375","45.001220703125","64"
"BW2",22,"67","9.619140625","89.361572265625","67"
"BW2",22,"68","9.039306640625","90.618896484375","68"
"BW2",22,"69","96.58203125","96.759033203125","69"
"BW3",22,"58","31.2292675132123","54.0491454002213","58"
"BW3",22,"59","45.0066799194125","52.864116727709","59"
"BW3",22,"60","3.27715830815178","86.6086470862349","60"
"BW3",22,"61","10.9754679277096","88.1180090612729","61"
"BW3",22,"62","13.9005590630358","88.1025620370353","62"
"BW3",22,"63","14.7405642081733","78.8975023976063","63"
"BW3",22,"64","6.33405845636918","79.593101699194","64"
"BW3",22,"65","7.52851984018818","77.5943046263692","65"
"BW3",22,"66","2.3376190123011","77.710762717048","66"
"BW3",22,"67","53.5993884382084","90.1650577232185","67"
"BW3",22,"70","88.8810284189115","97.6193465818828","70"
"BW3",22,"71","84.7290839841333","82.966857553692","71"
"BW3",22,"72","74.1082243241265","66.0469963767858","72"
"BW3",22,"73","63.8966709242397","63.3091878278266","73"
"BW3",22,"74","94.7585289159177","47.7451918306267","74"
"BW3",22,"75","90.0523844870931","37.7042388494187","75"
"BW3",22,"76","61.313302286719","28.4920987532539","76"
"BW3",22,"77","58.4089200144048","26.2416728952747","77"
"BW3",22,"78","74.203798323413","5.15766478158449","78"
"BW3",22,"79","75.855493756855","2.60148192624321","79"
"BW3",22,"80","18.6347824704726","26.5002934319936","80"
"BW3",22,"81","2.7176345939626","9.02278801528444","81"
"BW3",22,"82","2.78864943240877","5.44940323741381","82"
"BW3",22,"83","4.46888405234943","3.47329583945057","83"
"BW3",22,"93","15.10009765625","81.402587890625","93"
"M1",25,"71","85.2222875276545","95.5242146131813","71"
"M1",25,"72","82.4404234549621","94.531920131182","72"
"M1",25,"73","59.1047847643385","86.1523347733936","73"
"M1",25,"74","62.6147224510784","83.9424912574823","74"
"M1",25,"75","45.3995078806769","82.7126649414469","75"
"M1",25,"76","49.3422284789808","78.7241739393507","76"
"M1",25,"77","42.3472309461332","75.9759343248537","77"
"M1",25,"78","50.1523335599064","67.9283868488987","78"
"M1",25,"79","47.6390199583497","69.6181639819249","79"
"M1",25,"80","46.0531969970996","62.62271489444","80"
"M1",25,"81","42.466482631989","61.4135883263159","81"
"M1",25,"82","49.1684716997896","57.1729045133453","82"
"M1",25,"83","49.9608186919394","51.2655002078448","83"
"M1",25,"84","56.4573783953811","49.2461097337036","84"
"M1",25,"85","25.7561118521098","14.7198166666658","85"
"M1",25,"86","46.6545084737014","22.2002355553043","86"
"M1",25,"87","52.2899667308511","22.9305140238915","87"
"M1",25,"88","51.023241728272","21.1571414738116","88"
"M1",25,"89","67.9681034853882","4.33066593333109","89"
"M1",25,"90","75.0495072762707","8.93249836275383","90"
"M1",25,"91","64.6626524813405","37.2244252341283","91"
"M1",25,"92","63.6886404171248","34.2984696928739","92"
"M1",25,"93","71.342943540645","42.0478032217657","93"
"M1",25,"94","81.7796949155889","53.6261774203542","94"
"M1",25,"96","79.2506491334325","63.1967850763197","96"
"M1",25,"97","72.1539552857776","65.008600853561","97"
"M1",25,"98","65.9254976035905","60.0161612735923","98"
"M1",25,"99","78.2333640402189","75.1180373488851","99"
"M1",25,"100","83.1898929813562","70.1147817483382","100"
"M1",25,"101","91.7235769817597","68.9224818912521","101"
"M3",25,"99","63.5727852916388","93.3832209437868","99"
"M3",25,"100","50.0685922767884","82.871768550578","100"
"M3",25,"101","27.1743991431124","70.3434980201975","101"
"M3",25,"102","11.5280261604337","57.8626941069559","102"
"M3",25,"103","8.78980632220018","54.8394237612117","103"
"M3",25,"104","9.38311164661173","36.2033069869139","104"
"M3",25,"105","22.6177132505108","36.9755521716368","105"
"M3",25,"106","25.5428034846091","37.5782412744494","106"
"M3",25,"107","35.6001531615975","48.8579722393708","107"
"M3",25,"108","55.8915353365117","20.9582249580504","108"
"M3",25,"109","47.3740649766065","13.2978949556428","109"
"M3",25,"110","48.0313970844603","32.5494295280227","110"
"M3",25,"111","47.2078210798108","33.9339001511783","111"
"M3",25,"112","72.9295414174675","60.4662501545303","112"
"M3",25,"113","70.0256167081475","63.887689322458","113"
"M3",25,"114","68.7917327892731","71.8417562594276","114"
"M3",25,"142","23.4100341796875","41.6015625","142"
"M3",25,"153","31.201171875","51.4404296875","153"
"M4",25,"65","11.8416755424726","64.6156474627293","65"
"M4",25,"66","9.65012353964752","61.9235546669227","66"
"M4",25,"67","10.3920566153846","58.1325492604153","67"
"M4",25,"68","14.1282392670161","60.4175398102647","68"
"M4",25,"69","1.65728790098147","12.0294738333925","69"
"M4",25,"70","45.5237048215122","32.2339245538253","70"
"M4",25,"71","47.9713002091997","31.3226799411479","71"
"M4",25,"72","59.2500915370787","36.3219602620254","72"
"M4",25,"73","69.0135408707774","30.1570794748751","73"
"M4",25,"74","82.4014421561701","22.1770467957279","74"
"M4",25,"75","79.4469467704963","37.5840983847932","75"
"M4",25,"76","73.6395646466034","39.0330995388247","76"
"M4",25,"77","70.7136880321247","44.9640299239962","77"
"M4",25,"78","70.0152906806088","41.6134087077161","78"
"M4",25,"79","63.9120736493549","42.2297552076891","79"
"M4",25,"80","65.297907249766","46.1803143465078","80"
"M4",25,"81","63.262861750325","48.9854502887673","81"
"M4",25,"82","66.793770313105","59.3116246476699","82"
"M4",25,"83","64.7645515553544","59.0853073394245","83"
"M4",25,"84","70.4801074407662","56.6589991773753","84"
"M4",25,"85","87.0046989599538","51.9813000976826","85"
"M4",25,"86","83.0616599712572","54.4417703061723","86"
"M4",25,"95","60.638427734375","37.34130859375","95"
"M5",25,"81","75.3862549103002","32.82494866272","81"
"M5",25,"82","68.9909134324562","34.94562442716","82"
"M5",25,"83","67.935703102312","24.2688439864536","83"
"M5",25,"84","21.2014111528405","19.2340401133103","84"
"M5",25,"85","4.66780458976568","34.1570441166401","85"
"M5",25,"86","5.51129608189953","35.1969534318683","86"
"M5",25,"87","0.76048846877023","36.4660070178248","87"
"M5",25,"88","48.0400981362582","16.4893670340557","88"
"M5",25,"96","48.5198974609375","19.818115234375","96"
"M5",25,"99","50.0885009765625","21.380615234375","99"
"M6",25,"83","45.6824438060743","11.2791276119995","83"
"M6",25,"84","56.0700174892593","23.3479983628961","84"
"M6",25,"85","54.3666917650477","30.2932483594011","85"
"M6",25,"86","34.0907893249096","41.1643976004682","86"
"M6",25,"87","32.6229871532904","45.8217455418103","87"
"M6",25,"88","21.8839113552882","34.5268896400033","88"
"M6",25,"89","0.80822915257635","49.382764042096","89"
"M6",25,"90","7.47524412302585","59.7644156276922","90"
"M6",25,"91","11.3480512707214","72.1585882526679","91"
"M6",25,"92","5.80097504732763","70.2921984602391","92"
"M6",25,"93","1.20863169919768","54.6958503103625","93"
"M6",25,"94","14.8777155717908","34.8411664906874","94"
"M6",25,"95","30.1941400698131","58.1219748162516","95"
"M6",25,"96","39.0336382263121","67.8677833832127","96"
"M6",25,"97","94.1599533372903","96.0986692518385","97"
"M6",25,"98","8.07671329929524","18.9477892338898","98"
"M7",25,"84","22.2264516573818","44.4691428107056","84"
"M7",25,"85","22.1610547532279","9.68121733893657","85"
"M7",25,"86","24.7478039462165","9.1836754638427","86"
"M7",25,"87","27.9776534002824","9.82866513876731","87"
"M7",25,"88","30.9609821875641","9.7531963196958","88"
"M7",25,"89","25.825139451783","5.15757845119561","89"
"M7",25,"90","76.8610614224163","8.68260893592407","90"
"M7",25,"91","45.0348910501974","57.6280792441951","91"
"M7",25,"92","44.1104620344992","56.2435292706421","92"
"M7",25,"93","45.9234964667464","53.7638911127723","93"
"M7",25,"94","51.6731168490339","45.9444199749418","94"
"M7",25,"95","63.3167246979289","53.6795251939651","95"
"M7",25,"96","68.4377155751367","56.9564557805692","96"
"M7",25,"97","65.8503366206048","51.6684401322506","97"
"M7",25,"103","54.1183445131534","49.0624770529795","103"
"M8",25,"0","32.1154767948864","7.95965250390611","0"
"M8",25,"1","41.7613139607112","35.2096293258876","1"
"M8",25,"2","29.4799899421269","33.9362864593574","2"
"M8",25,"3","27.701422892539","33.1528575611553","3"
"M8",25,"4","26.4209296623645","34.3251044975034","4"
"M8",25,"10","70.8769808812237","50.7983988279306","10"
"M8",25,"82","26.6117145508199","67.64156438639","82"
"M8",25,"83","35.2200941127161","73.7191260008775","83"
"M8",25,"84","50.2747897204598","88.5705535305934","84"
"M8",25,"85","14.227785938897","64.7515433887352","85"
"M8",25,"86","10.4059771787847","58.6053589985466","86"
"M8",25,"87","5.27486956835","58.5614698640979","87"
"M8",25,"88","17.1727393458754","47.9966642588436","88"
"M8",25,"89","23.9131387800726","45.0282642357358","89"
"M8",25,"90","13.2662208316594","45.2475738997677","90"
"M8",25,"91","14.4785525252691","59.5783311208494","91"
"M8",25,"92","67.021981660698","58.63402637189","92"
"M8",25,"93","70.7941264422586","61.4043588827675","93"
"M8",25,"94","73.5484867911367","56.4945850340033","94"
"M8",25,"95","68.502749485868","51.117913144376","95"
"M8",25,"96","27.0270250992255","11.8812397483178","96"
"M8",25,"117","75.9002685546875","58.14208984375","117"
"M8",25,"119","16.778564453125","62.43896484375","119"
"NE25",25,"72","27.0349965016272","86.6118087640336","72"
"NE25",25,"73","37.5235692156536","94.0268702317315","73"
"NE25",25,"74","42.7404729796607","92.5792366967502","74"
"NE25",25,"75","58.3032704985238","84.820102136157","75"
"NE25",25,"76","55.0158929165369","81.318709642406","76"
"NE25",25,"77","57.1556636097782","79.237903376477","77"
"NE25",25,"78","49.9318499728643","76.0218010941959","78"
"NE25",25,"79","45.8273565641604","75.1330481113221","79"
"NE25",25,"80","65.5378627654447","70.4561816314006","80"
"NE25",25,"81","37.307463135884","58.2133028991534","81"
"NE25",25,"82","50.8136901172348","51.9191553689052","82"
"NE25",25,"83","2.5969514366414","55.5198650965214","83"
"NE25",25,"84","12.0650621926671","53.3023745772423","84"
"NE25",25,"85","15.5324014028627","49.5980731315646","85"
"NE25",25,"86","17.9019654506793","54.2010092264194","86"
"NE25",25,"87","1.75143384445193","47.4089896307303","87"
"NE25",25,"88","3.11940708760176","44.7227544392838","88"
"NE25",25,"89","11.0564356709754","43.3516496499177","89"
"NE25",25,"90","1.98999543217454","34.4189838528961","90"
"NE25",25,"91","13.9978731426684","19.4774306373711","91"
"NE25",25,"92","22.1150339860831","5.53930904641384","92"
"NE25",25,"93","24.7240535153902","7.39949483991698","93"
"NE25",25,"94","27.2898600641574","30.1928133073689","94"
"NE25",25,"95","33.766775393146","38.3000705275309","95"
"NE25",25,"96","46.3659979707104","38.6886772005198","96"
"NE25",25,"97","45.2407878398473","36.1244062330683","97"
"NE25",25,"128","59.55810546875","80.82275390625","128"
"NE25",25,"129","57.421875","81.14013671875","129"
"NF25",25,"99","30.6563034975945","74.8149077008189","99"
"NF25",25,"100","37.9942853093292","74.1832348986633","100"
"NF25",25,"101","32.4900569952328","70.2905173903727","101"
"NF25",25,"102","77.7258197003799","33.1337043965122","102"
"NF25",25,"103","65.75118025653","25.5804154239373","103"
"NF25",25,"104","60.6890144048115","8.46633563175015","104"
"NF25",25,"105","78.3310871173914","10.9451491924737","105"
"NF25",25,"106","78.8161467622667","8.16514456130495","106"
"NF25",25,"107","82.8512537116264","9.35059845045825","107"
"NF25",25,"108","93.8029202652992","9.03599112912362","108"
"NF25",25,"109","88.6291415031694","7.14546118858668","109"
"NF25",25,"110","91.3597855065921","4.58979943979552","110"
"NF25",25,"166","37.1002197265625","76.898193359375","166"
"P3A",17,"34","91.7377034453193","73.8839632115844","34"
"P3A",17,"35","85.4512702487884","67.3732989864417","35"
"P3A",17,"36","80.1088223675918","64.3987373186509","36"
"P3A",17,"37","72.6326738577049","64.0221183089215","37"
"P3A",17,"38","57.9780154096769","51.5589501419656","38"
"P3A",17,"39","62.1388873127157","48.7170039205385","39"
"P3A",17,"40","87.8977184682437","33.9805272375568","40"
"P3A",17,"41","79.9691425409284","33.6081153167828","41"
"P3A",17,"42","72.2708721610576","17.7468396906604","42"
"P3A",17,"43","98.6078070598467","51.0563634021496","43"
"P6A",17,"1","33.575539839792","63.0491714123561","1"
"P6A",17,"7","28.7808610882815","39.0224962854648","7"
"P6A",17,"11","14.5893502420363","7.39149106366214","11"
"P6A",17,"12","39.9007230614036","26.7157245430306","12"
"P6A",17,"13","47.7308883916103","9.93134337583149","13"
"P6A",17,"14","58.2694320410072","21.9013012760867","14"
"P6A",17,"15","87.0826125471553","97.4682793504013","15"
"P6A",17,"16","97.8472076274087","78.3346235515177","16"
"P6A",17,"17","65.1906374486604","70.4881407663528","17"
"P6A",17,"18","52.9874119234719","77.4731539132093","18"
"P6A",17,"19","53.8239656136277","69.9770207597777","19"
"P6A",17,"20","52.3868228359893","44.0672272305648","20"
"P6A",17,"21","82.7583148185632","41.8159501507296","21"
"P6A",17,"23","66.6802838774375","34.3701942540719","23"
"P6A",17,"24","64.3215451313674","8.54485824194544","24"
"P6A",17,"25","73.3391803028025","4.75907752150052","25"
"P6A",17,"26","81.0136926879499","13.5849009799775","26"
"P6A",17,"33","39.6814756592285","68.0680859186607","33"
"P6A",17,"35","98.199462890625","86.859130859375","35"
"P6A",17,"36","86.419677734375","89.898681640625","36"
"P6A",17,"37","5.059814453125","91.3818359375","37"
"P6B",17,"17","13.0263684864033","69.5094344699423","17"
"P6B",17,"18","7.01130133403084","65.254517641881","18"
"P6B",17,"19","13.8877662151293","58.8422159704072","19"
"P6B",17,"20","6.49870932477743","50.1709657589839","20"
"P6B",17,"21","17.3282467351791","48.7332750388027","21"
"P6B",17,"22","32.3532174302644","55.8346662080907","22"
"P6B",17,"23","56.3239119682174","69.0975044786518","23"
"P6B",17,"24","61.8402809521124","64.078104823308","24"
"P6B",17,"25","65.6531751194255","69.5480387714844","25"
"P6B",17,"26","66.0739143085215","54.445113990113","26"
"P6B",17,"27","80.1800442490106","35.9701579900885","27"
"P6B",17,"28","50.2205145447072","4.30221729642155","28"
"P6B",17,"29","51.1810682543387","38.9916779482997","29"
"P6B",17,"30","41.6729185711077","40.2190631166688","30"
"P6B",17,"31","42.6104380624078","33.2091013365248","31"
"P6B",17,"32","44.3981732686009","37.1377329381623","32"
"P6B",17,"33","47.5672965294723","35.2189105749722","33"
"P6B",17,"34","17.5504666117341","32.2227162116685","34"
"P6B",17,"35","19.3107773830598","26.6527969842705","35"
"P6B",17,"36","2.35672656993859","27.6099461843877","36"
"P6B",17,"37","10.5772705090426","16.763824222768","37"
"P6B",17,"38","32.0401545289807","14.7333105860555","38"
"P6B",17,"39","57.9314758060183","75.8124453399604","39"
"P6B",17,"40","75.271303891195","92.3759756037862","40"
"P6B",17,"41","41.579909723933","98.2590713408556","41"
"P6B",17,"42","4.28545592400491","98.4020772173429","42"
"P6B",17,"43","49.6646220589723","94.1319073957178","43"
"P6B",17,"45","10.0655916895181","87.3862415537741","45"
"PP6",17,"0","2.30965479089032","98.2028543158351","0"
"PP6",17,"1","5.59627571415291","89.9882501077724","1"
"PP6",17,"2","22.9225042221145","94.6910638164325","2"
"PP6",17,"3","21.8879438315366","88.3994397881163","3"
"PP6",17,"4","37.3684447661372","94.8939356566239","4"
"PP6",17,"5","37.2819419300628","87.8339853513135","5"
"PP6",17,"6","18.8089624056878","72.0202371412687","6"
"PP6",17,"7","34.0725715830749","75.5466551356716","7"
"PP6",17,"8","49.9719726721573","61.8629788222987","8"
"SG1",22,"0","1.0957336703053","73.4192799260329","0"
"SG1",22,"1","69.3440858061135","89.0512723064913","1"
"SG1",22,"2","83.3399128737781","96.2434298786123","2"
"SG1",22,"3","63.6805034012459","72.5352076103115","3"
"SG1",22,"4","66.0623992677675","65.1303391578317","4"
"SG1",22,"5","72.2550341288303","73.22405986052","5"
"SG1",22,"6","93.679813633741","69.376493768101","6"
"SG1",22,"7","72.8170934233938","25.9377932614388","7"
"SG1",22,"8","74.3821047082683","51.4425709978541","8"
"SG1",22,"9","77.1975543319245","6.45560917593686","9"
"SG1",22,"10","75.7493372199077","2.79130260215247","10"
"SG1",22,"11","57.0223851282602","27.4535010441612","11"
"SG1",22,"12","32.8909359381491","9.15156941456644","12"
"SG1",22,"13","38.2207759137866","12.2599733508931","13"
"SG1",22,"14","43.9221873912925","13.0781403981526","14"
"SG1",22,"15","50.2571941142706","17.4177365633048","15"
"SG1",22,"16","32.4040700972141","76.1756635876161","16"
"SG1",22,"17","8.15516122895159","67.828161989338","17"
"SG1",22,"18","10.6148718125835","47.6576273136434","18"
"SG1",22,"19","8.46499034875031","18.3864021985424","19"
"SG1",22,"21","2.60247664536265","12.8944677155692","21"
"SG1",22,"22","0.48532066443831","10.1732449442599","22"
"SG1",22,"23","11.5957254465903","8.36864938233184","23"
"SG1",22,"24","33.3285173103297","26.4001802179844","24"
"SG1",22,"25","23.4688166142477","52.0299399200511","25"
"SG1",22,"26","25.5359141751534","55.1437295918324","26"
"SG1",22,"27","29.3833367811232","54.3435081901806","27"
"SG1",22,"28","31.459715342311","50.7641799195008","28"
"SG1",22,"29","31.0152656553269","39.9155906832645","29"
"SG1",22,"30","30.1975283720401","18.4917465729672","30"
"SG1",22,"31","36.6605476401445","15.4601538062831","31"
"SG1",22,"32","32.2905922710006","21.7116603753177","32"
"SG1",22,"33","86.6774712761223","50.5993328241079","33"
"SG1",22,"34","80.9895514693188","49.2527032652973","34"
"SG1",22,"35","10.7468350491343","76.0125907521565","35"
"SG1",22,"36","5.21637779452778","73.8551194911734","36"
"SG1",22,"37","64.1581824123472","44.1514324706429","37"
"SG1",22,"38","41.0633115173779","71.013685519671","38"
"SG1",22,"39","46.4641730634032","70.3090403470808","39"
"SG1",22,"40","40.99800980772","62.2780074289408","40"
"SG1",22,"41","48.3059784782519","64.1815966028875","41"
"SG1",22,"42","70.5972563139635","50.4253776753403","42"
"SG1",22,"43","54.9916360581812","38.6725647300485","43"
"SG1",22,"44","94.1917351732349","75.2132550274864","44"
"SG1",22,"45","29.2561150583905","34.7836372661546","45"
"SG1",22,"46","40.0572998554999","21.336862158348","46"
"SG1",22,"56","44.7870873503962","20.6611343456264","56"
"SG10",22,"48","48.4967975276525","80.4739955377525","48"
"SG10",22,"49","47.4020810129827","77.3685710360249","49"
"SG10",22,"50","70.7016745277063","94.7796100625522","50"
"SG10",22,"51","75.3514985515347","92.9583714491136","51"
"SG10",22,"52","98.6198966608261","95.6544087717292","52"
"SG10",22,"53","98.3586743836685","98.2593882636544","53"
"SG10",22,"54","97.7362666072011","71.8302058961397","54"
"SG10",22,"55","95.6299832635818","60.7656816561738","55"
"SG11",22,"38","97.9928904179498","83.527507355556","38"
"SG11",22,"39","89.3261842869679","63.8371895437937","39"
"SG11",22,"40","86.3677930306736","63.0491670696398","40"
"SG11",22,"41","97.1942433244144","48.2068894235846","41"
"SG11",22,"42","87.9732284383041","46.9101544234371","42"
"SG11",22,"43","97.286860474494","36.1539261640799","43"
"SG11",22,"44","75.7327254050374","41.7312438357546","44"
"SG11",22,"45","63.3355439830305","44.1403942500042","45"
"SG11",22,"46","54.3814485425454","28.3880893617092","46"
"SG11",22,"47","50.297214415594","22.0354289469569","47"
"SG11",22,"48","46.8686585051691","3.68256519458147","48"
"SG11",22,"49","52.9408271461496","8.89786701143901","49"
"SG11",22,"50","55.8824981438405","3.97521753251328","50"
"SG11",22,"51","67.2676245801744","1.51224667531247","51"
"SG11",22,"52","80.8942352397067","1.16209895705013","52"
"SG11",22,"53","84.8965669631364","3.5548055219025","53"
"SG11",22,"54","88.6813640067106","1.78660622436322","54"
"SG11",22,"55","73.5627998117598","7.59296854963993","55"
"SG11",22,"56","71.8081100181017","9.64837533387099","56"
"SG11",22,"57","70.9954318675048","10.4497830055761","57"
"SG11",22,"58","71.4972798820323","13.4411256613949","58"
"SG11",22,"59","74.742499748246","14.4310308400577","59"
"SG11",22,"60","75.8449004065586","11.2737822045674","60"
"SG11",22,"61","72.2227462022215","24.839229109085","61"
"SG11",22,"62","78.7723405884942","27.5268362587255","62"
"SG11",22,"63","75.5733819570553","20.1194668212771","63"
"SG11",22,"64","83.7910199758141","20.5623075874157","64"
"SG11",22,"65","91.1766601290157","22.2711128720441","65"
"SG11",22,"66","97.0746146321217","25.8756055065465","66"
"SG11",22,"67","98.3932530547783","24.0028620171734","67"
"SG11",22,"68","97.7133743008576","10.2992617017685","68"
"SG11",22,"78","46.17919921875","60.760498046875","78"
"SG13",22,"0","4.24115332266135","97.3627514471747","0"
"SG13",22,"1","11.001595738721","97.1732697986675","1"
"SG13",22,"2","7.18856901718397","92.7490368250922","2"
"SG13",22,"3","12.1136325838671","92.6185907954233","3"
"SG13",22,"4","3.02833659946884","87.1317841186385","4"
"SG13",22,"5","15.1559846010416","86.328742305228","5"
"SG13",22,"6","11.8423176509202","81.6627916961866","6"
"SG13",22,"7","30.9231332528673","98.2448613541043","7"
"SG13",22,"8","44.1718756829494","94.8005701008686","8"
"SG13",22,"9","35.8150437404103","92.5823928077206","9"
"SG13",22,"10","40.5891421173133","87.9040299431473","10"
"SG13",22,"11","59.4744805169564","94.7385964559899","11"
"SG13",22,"12","56.7436254147889","90.5620547456875","12"
"SG13",22,"13","58.5724526312977","85.2017902065234","13"
"SG13",22,"14","65.6292296532511","90.2255592546694","14"
"SG13",22,"15","73.3091324721705","95.3113279840389","15"
"SG13",22,"16","88.5702926847473","97.5207271330821","16"
"SG13",22,"17","86.7578709835271","95.6044614053731","17"
"SG13",22,"18","79.4052498803104","84.211433309217","18"
"SG13",22,"19","90.2060854830612","72.1558939041106","19"
"SG13",22,"20","92.6253040203892","69.4624982649928","20"
"SG13",22,"21","92.5626412763832","66.4444826832721","21"
"SG13",22,"22","96.4196702613368","59.9235600992469","22"
"SG13",22,"23","70.8759533435876","73.7371243602171","23"
"SG13",22,"24","76.7687689165167","66.6019519137705","24"
"SG13",22,"25","81.315072167436","59.7170884828065","25"
"SG13",22,"26","73.2115352258366","64.9112673755655","26"
"SG13",22,"27","71.3485588475861","62.0345064375038","27"
"SG13",22,"28","43.0170451119633","76.8529934910529","28"
"SG13",22,"29","39.1402682235313","71.803008303476","29"
"SG13",22,"30","45.6541794526335","66.5741628899942","30"
"SG13",22,"31","26.6386744582605","77.747338318535","31"
"SG13",22,"32","30.478221376656","75.799963936055","32"
"SG13",22,"33","25.7140732004252","73.0481247548122","33"
"SG13",22,"34","19.4146272441189","68.4027411176239","34"
"SG13",22,"35","24.1612745726668","56.2026396943492","35"
"SG13",22,"36","26.4520288111641","57.6765474451268","36"
"SG13",22,"37","28.7028589482626","54.3696564745003","37"
"SG13",22,"38","34.7778867586406","45.4205101110588","38"
"SG13",22,"39","30.710146527157","41.6961141799485","39"
"SG13",22,"40","26.4375026243373","32.6099041253865","40"
"SG13",22,"41","31.646226544039","36.5825345204323","41"
"SG13",22,"42","37.0470947970965","31.7556957222704","42"
"SG13",22,"43","41.9747345160997","32.2797072736114","43"
"SG13",22,"44","17.1650418368543","25.1735188652513","44"
"SG13",22,"45","18.8131172861986","20.7107532917718","45"
"SG13",22,"46","25.8849700372558","12.6944094317549","46"
"SG13",22,"47","26.1894555230348","21.329682579289","47"
"SG13",22,"48","28.9694164324631","17.6934407904724","48"
"SG13",22,"49","32.4219525144979","21.2681389674703","49"
"SG13",22,"50","40.9730364248779","23.8366092320639","50"
"SG13",22,"51","72.3435188319893","57.11041680243","51"
"SG13",22,"52","75.1376943650786","57.2231263154625","52"
"SG13",22,"53","74.7631987605842","54.424613482195","53"
"SG13",22,"54","71.498967194408","50.4928675728338","54"
"SG13",22,"55","79.5682347687126","46.5696101574656","55"
"SG13",22,"56","90.0433880754527","51.4283686039295","56"
"SG13",22,"57","86.9707184851948","46.1900235991816","57"
"SG13",22,"58","67.1667347174841","43.7208482064248","58"
"SG13",22,"59","70.4460327921692","42.2524030072793","59"
"SG13",22,"60","76.3385771046716","38.9105661036465","60"
"SG13",22,"61","70.8815507474426","36.2321460421739","61"
"SG13",22,"62","54.8228527798578","36.5260226895898","62"
"SG13",22,"63","65.6181329349923","29.1514282675687","63"
"SG13",22,"64","54.2866826959911","27.7979127866737","64"
"SG13",22,"65","50.7871260056917","22.6929492619064","65"
"SG13",22,"66","62.0386337140557","24.9501411493692","66"
"SG13",22,"67","69.3818744437392","24.0588973239372","67"
"SG13",22,"68","67.4334429928416","22.5089670059897","68"
"SG13",22,"69","63.3742718228592","15.2946173443253","69"
"SG13",22,"70","68.2235480921978","14.5835750632301","70"
"SG13",22,"71","61.8086597792442","12.2596231246991","71"
"SG13",22,"72","70.1823700308801","12.140051244279","72"
"SG13",22,"73","54.7316146228444","11.6704691863948","73"
"SG13",22,"74","51.0093093838089","4.59453256401189","74"
"SG13",22,"75","54.5178308705552","5.73069588544066","75"
"SG13",22,"76","60.6512004664315","8.09767809594424","76"
"SG13",22,"77","67.383774861636","3.8393941262258","77"
"SG13",22,"78","73.8414884692918","5.84984636850987","78"
"SG13",22,"79","57.718367122092","19.3316118460985","79"
"SG13",22,"108","0.701904296875","90.0482177734375","108"
"SG14",22,"0","48.061089386384","95.9021134452383","0"
"SG14",22,"1","87.7939242444371","44.5833584349225","1"
"SG14",22,"2","72.5527527825169","1.68582305147393","2"
"SG14",22,"3","6.38931575029942","6.72351748461875","3"
"SG15",22,"30","81.8889354503372","73.8420921142058","30"
"SG15",22,"31","74.6894349115885","37.7758805500563","31"
"SG15",22,"32","85.0830886946612","23.7438337321896","32"
"SG15",22,"33","58.7889734189811","22.0330984630967","33"
"SG15",22,"34","54.216792488595","14.7180513257589","34"
"SG15",22,"35","68.4647555063302","13.5139742697618","35"
"SG15",22,"36","60.6717505889891","1.74476735316667","36"
"SG15",22,"37","43.4727929161822","2.23865201647106","37"
"SG16",22,"75","84.4948393233245","17.1585122714824","75"
"SG16",22,"76","82.1975502960552","5.41528333483114","76"
"SG16",22,"77","71.7612549691415","4.69194770398588","77"
"SG16",22,"78","68.3629569284251","8.82445947524635","78"
"SG16",22,"79","55.8957396606827","46.7862804830207","79"
"SG16",22,"80","56.3131097099409","36.8876041090963","80"
"SG16",22,"81","56.4309903620213","41.2874792691298","81"
"SG17",22,"0","9.36907332075572","85.7642413290848","0"
"SG17",22,"1","23.2053275500091","89.7454675089521","1"
"SG17",22,"2","27.4852630411831","90.3906907365653","2"
"SG17",22,"3","25.1406026593336","87.7205757030753","3"
"SG17",22,"4","26.3630116128933","85.0178544141225","4"
"SG17",22,"5","24.0956094036489","86.7020554969306","5"
"SG17",22,"6","24.1186712649381","81.0674372638017","6"
"SG17",22,"7","22.1168539477161","94.9407473543464","7"
"SG17",22,"8","19.9812680514961","84.4020319373943","8"
"SG17",22,"9","11.2789212056594","81.9621722901925","9"
"SG17",22,"10","20.3296690610467","81.5521318928912","10"
"SG17",22,"11","27.5830548606135","79.1073955373424","11"
"SG17",22,"12","23.9624405869685","76.2528453370318","12"
"SG17",22,"13","22.1470836211593","78.1951951600991","13"
"SG17",22,"14","20.9533416386068","76.9231820050276","14"
"SG17",22,"15","18.0495719919816","77.9277627889156","15"
"SG17",22,"16","16.6282144070863","79.4389454581228","16"
"SG17",22,"17","2.82262073457673","80.3596477245119","17"
"SG17",22,"18","0.3594144573988","83.4773119105117","18"
"SG17",22,"19","0.71893963775564","75.3456254725336","19"
"SG17",22,"20","2.33495524367803","73.1122942471699","20"
"SG17",22,"21","8.10879157482013","73.8088697834555","21"
"SG17",22,"22","7.07752509416689","77.7528504754315","22"
"SG17",22,"23","23.5740915527193","69.7020179958745","23"
"SG17",22,"24","20.8281093618932","67.3745001036725","24"
"SG17",22,"25","23.7814656088547","66.670630458887","25"
"SG17",22,"26","25.6875091297363","65.8233489089498","26"
"SG17",22,"27","25.9621405656625","63.3603490131859","27"
"SG17",22,"28","16.2145184879786","61.7327282803223","28"
"SG17",22,"29","11.9983968161418","54.3845944509856","29"
"SG17",22,"30","17.7779572713619","57.1924055581681","30"
"SG17",22,"31","7.21271269637034","53.1782217963751","31"
"SG17",22,"32","2.75853457909888","50.2474811926556","32"
"SG17",22,"33","9.86245988270596","44.6451901170552","33"
"SG17",22,"34","32.4080878839245","42.6363261666671","34"
"SG17",22,"35","40.3748882968089","44.4025124583295","35"
"SG17",22,"36","40.2700680014023","37.1290644137435","36"
"SG17",22,"37","39.1021018905706","36.7610953315867","37"
"SG17",22,"38","39.1456120358294","35.1900409983518","38"
"SG17",22,"39","38.7662358956497","34.159093720573","39"
"SG17",22,"40","40.3057785327417","32.805538412199","40"
"SG17",22,"41","89.6113870604602","8.6599156808152","41"
"SG17",22,"42","88.0096981153598","13.0392661867679","42"
"SG17",22,"43","89.601927036155","16.1546122177433","43"
"SG17",22,"44","97.4622454213189","20.4956535891634","44"
"SG17",22,"45","99.2761129237311","4.47493548415711","45"
"SG17",22,"46","99.4833734773852","7.95388193331878","46"
"SG17",22,"47","98.3895558384736","8.67692403816442","47"
"SG17",22,"48","97.7437960432166","12.6110164782424","48"
"SG17",22,"49","78.0173149309482","16.2380259806169","49"
"SG17",22,"50","72.5858217797778","19.0412473744625","50"
"SG17",22,"51","70.229278524285","18.9786271109875","51"
"SG17",22,"52","92.2895123417381","33.0329324942714","52"
"SG17",22,"53","93.8516398992517","33.2234854524293","53"
"SG17",22,"54","95.7306829155154","32.5222790550099","54"
"SG17",22,"55","94.9414403054787","33.9100484196458","55"
"SG17",22,"56","76.2936653201668","31.0890803711408","56"
"SG17",22,"57","81.9387738286183","35.3302298142785","57"
"SG17",22,"58","85.1712805246531","36.1337776604785","58"
"SG17",22,"59","80.9864004057362","39.8222926300337","59"
"SG17",22,"60","79.7184958977247","40.272553459844","60"
"SG17",22,"61","73.4999981991091","31.940642997559","61"
"SG17",22,"62","85.7516973950266","44.3767492858724","62"
"SG17",22,"63","82.670084265374","41.8877527863144","63"
"SG17",22,"64","83.878003636466","43.0303458651749","64"
"SG17",22,"65","83.3879046450558","46.8947151877823","65"
"SG17",22,"66","82.156731282231","44.8234058199647","66"
"SG17",22,"67","90.1370994851134","46.7079063297503","67"
"SG17",22,"68","97.3011075515926","44.3719358559323","68"
"SG17",22,"69","97.3264528135703","47.489241617501","69"
"SG17",22,"70","94.9397878467439","47.3018494757491","70"
"SG17",22,"71","94.9224726889918","50.3172824553717","71"
"SG17",22,"72","97.8951526478849","50.7651203867379","72"
"SG17",22,"73","97.1743810362714","53.6591251780215","73"
"SG17",22,"74","90.7168211894674","57.6244690983597","74"
"SG17",22,"75","98.1247392433487","58.6239826615299","75"
"SG17",22,"76","97.1610323421855","64.0612622948583","76"
"SG17",22,"77","92.2088319939349","68.2245721851023","77"
"SG17",22,"78","89.1256756015996","71.2469145823127","78"
"SG17",22,"79","84.3115378484514","70.4232364883437","79"
"SG17",22,"80","87.0397248279326","63.5431915197515","80"
"SG17",22,"81","86.3706018157653","60.2300055195691","81"
"SG17",22,"82","87.3644092090146","76.0699002181899","82"
"SG17",22,"83","84.7409152776446","76.2956543566905","83"
"SG17",22,"84","76.8479336171592","77.5127164830691","84"
"SG17",22,"85","87.7733188694589","81.4720164359585","85"
"SG17",22,"86","98.055572062857","81.4822567020927","86"
"SG17",22,"87","98.4477974061961","80.0061532498582","87"
"SG17",22,"88","85.855128632939","98.0209248799944","88"
"SG17",22,"89","82.8618919413489","93.2675833625899","89"
"SG17",22,"90","81.0956289701893","90.5519367384309","90"
"SG17",22,"91","83.9808684448656","89.7811203105066","91"
"SG17",22,"92","86.366686959933","88.1311088806341","92"
"SG17",22,"93","81.2394141279444","85.2081704736128","93"
"SG17",22,"94","69.8947974008391","87.5937907862231","94"
"SG17",22,"95","74.0777030217307","87.5495898276498","95"
"SG17",22,"96","77.5934931390085","85.2873689484842","96"
"SG17",22,"97","69.0842691111434","85.4009562127402","97"
"SG17",22,"98","70.2346989572971","82.326158344501","98"
"SG17",22,"99","61.5481659710412","96.8140618591752","99"
"SG17",22,"100","58.4052211336856","86.3917506608628","100"
"SG17",22,"101","57.8037689404233","84.6304349260424","101"
"SG17",22,"102","48.8234754942312","86.8012764291187","102"
"SG17",22,"103","43.9963357530606","84.4404145120521","103"
"SG17",22,"104","48.730379410372","83.3326590200695","104"
"SG17",22,"105","49.4152839678446","75.9070052430739","105"
"SG17",22,"106","44.114641882835","75.4774885565463","106"
"SG17",22,"107","35.1206580311218","69.7642298077803","107"
"SG17",22,"108","36.149264510005","73.7762069586488","108"
"SG17",22,"109","64.8878522022754","70.2298028771017","109"
"SG17",22,"110","69.8067761656943","55.0260376591892","110"
"SG17",22,"111","71.1739662148208","53.6132700182431","111"
"SG17",22,"112","70.6995285628656","48.28502125873","112"
"SG17",22,"113","42.5715173033975","60.4636664079622","113"
"SG17",22,"114","46.5353339397027","57.31356626822","114"
"SG17",22,"115","60.8502075421307","56.7295828504983","115"
"SG17",22,"116","59.8874533731517","58.8600000480497","116"
"SG17",22,"117","57.0319783369022","55.8339138703255","117"
"SG17",22,"118","53.9349084528997","50.914376463619","118"
"SG17",22,"119","53.4029057639167","48.6038218660492","119"
"SG17",22,"120","54.959883148536","47.7436148031368","120"
"SG17",22,"121","58.9397206710396","47.1784736009648","121"
"SG17",22,"122","56.1593282591733","45.9372600487932","122"
"SG17",22,"123","60.7603767600994","50.2711901669885","123"
"SG17",22,"124","59.3868089571309","52.1757897498922","124"
"SG17",22,"125","62.9222575157068","50.9208828843414","125"
"SG17",22,"126","57.6620225191103","31.2682826846055","126"
"SG17",22,"127","69.7485746470658","32.926191901358","127"
"SG17",22,"128","69.0400911443547","31.6165282433593","128"
"SG17",22,"129","67.3429104519917","30.73597176381","129"
"SG17",22,"130","59.2505860554966","17.9998639958744","130"
"SG17",22,"131","56.5970567499617","14.1163059967179","131"
"SG17",22,"167","99.3926874124821","94.0926193020378","167"
"SG17",22,"200","46.8870920143736","21.025274589088","200"
"SG17",22,"204","82.8344776714701","43.9967743761864","204"
"SG17",22,"205","97.7783203125","5.682373046875","205"
"SG17",22,"206","98.419189453125","10.418701171875","206"
"SG17",22,"207","96.6796875","10.699462890625","207"
"SG17",22,"208","96.2799072265625","14.617919921875","208"
"SG17",22,"209","97.857666015625","14.66064453125","209"
"SG17",22,"210","95.538330078125","15.338134765625","210"
"SG17",22,"211","58.2000732421875","15.838623046875","211"
"SG17",22,"212","67.437744140625","27.25830078125","212"
"SG17",22,"213","94.0185546875","35.357666015625","213"
"SG17",22,"214","93.402099609375","36.90185546875","214"
"SG17",22,"215","41.41845703125","37.65869140625","215"
"SG17",22,"216","42.938232421875","37.90283203125","216"
"SG17",22,"217","57.177734375","57.440185546875","217"
"SG17",22,"218","88.958740234375","66.717529296875","218"
"SG17",22,"219","7.23876953125","72.760009765625","219"
"SG17",22,"220","86.5081787109375","78.82080078125","220"
"SG17",22,"221","48.2421875","79.058837890625","221"
"SG17",22,"222","47.479248046875","80.1025390625","222"
"SG17",22,"223","46.502685546875","80.2001953125","223"
"SG17",22,"224","39.6881103515625","87.017822265625","224"
"SG17",22,"225","23.541259765625","92.7978515625","225"
"SG20",22,"53","77.9117564612604","68.5922229126018","53"
"SG20",22,"54","80.3442665939043","81.7712626772974","54"
"SG20",22,"55","89.9426422357652","88.3054925225705","55"
"SG20",22,"56","98.4020322290222","74.2236625149988","56"
"SG20",22,"57","66.3191425060129","31.7339292763283","57"
"SG20",22,"58","63.4403486217278","56.4941536510367","58"
"SG8",22,"22","39.8735626145712","81.1097530744428","22"
"SG8",22,"23","92.9583626292342","94.6154764868122","23"
"SG8",22,"24","87.6216165115595","86.5646594545762","24"
"SG8",22,"25","93.8743529605952","73.3396745052422","25"
"SG8",22,"26","82.8496525515338","75.3053359047288","26"
"SG8",22,"27","82.443596391785","72.6169151152976","27"
"SG8",22,"28","67.3273707788075","76.6157950397065","28"
"SG8",22,"29","71.4016941386473","75.6674283487309","29"
"SG8",22,"30","70.6762790913201","69.9786345757461","30"
"SG8",22,"31","73.4430094526386","68.8036047339756","31"
"SG8",22,"32","70.2263829864394","67.0069863728453","32"
"SG8",22,"33","67.6310110076648","66.0556227207534","33"
"SG8",22,"34","63.0735335414196","61.9546115940526","34"
"SG8",22,"35","56.5242291771627","64.9817079564061","35"
"SG8",22,"36","50.7095896071576","50.5857427873977","36"
"SG8",22,"37","62.0938533555279","32.8823822218465","37"
"SG8",22,"38","62.2608495470497","29.9160704301052","38"
"SG8",22,"39","53.6312434697885","30.2628979950428","39"
"SG8",22,"40","72.9589314290137","53.4190898424238","40"
"SG8",22,"41","93.011819750796","64.0116716422777","41"
"SG8",22,"42","92.9087869320724","56.544079262635","42"
"SG8",22,"43","83.756278707268","56.2688730679891","43"
"SG8",22,"44","86.4247862089262","50.5280364611155","44"
"SG8",22,"45","89.427783651309","43.2793067793353","45"
"SG8",22,"46","96.672114200977","42.122169397245","46"
"SG8",22,"47","93.3407406828326","40.2278681492361","47"
"SG8",22,"48","62.1682350531328","20.7069107749582","48"
"SG8",22,"49","59.8598009159708","10.2743744903303","49"
"SG8",22,"50","61.9474926613971","0.90297195306186","50"
"SG8",22,"51","80.3024097858468","30.2112664646048","51"
"SG8",22,"52","77.5739009294598","27.7569325845681","52"
"SG8",22,"53","80.6019399171423","26.4215059139147","53"
"SG8",22,"54","80.918001859937","23.7610730769123","54"
"SG8",22,"55","97.8921343933386","25.5869559260179","55"
"SG8",22,"56","93.3574281254388","22.3342705874423","56"
"SG8",22,"57","91.3559812568572","20.1340608107722","57"
"SG8",22,"58","76.9069777074394","18.9995047198857","58"
"SG8",22,"59","74.5062982040648","15.9777566588448","59"
"SG8",22,"60","80.6648288980563","16.4662915196622","60"
"SG8",22,"61","77.6685627881661","10.9304815613094","61"
"SG8",22,"62","90.5059375848146","10.0018308493937","62"
"SG8",22,"63","84.1561617315845","6.600426682872","63"
"SG9",22,"2","6.73240714198837","98.221706273783","2"
"SG9",22,"23","12.958501763357","96.4885839099953","23"
"SG9",22,"24","11.4357154257253","97.8710343868435","24"
"SG9",22,"25","16.7539160237771","97.5363531012113","25"
"SG9",22,"26","6.24845507956106","89.0869164040235","26"
"SG9",22,"27","2.58668341554124","81.1096902561888","27"
"SG9",22,"28","7.21463993124049","79.4988617049138","28"
"SG9",22,"29","5.53447204802355","74.7318796327288","29"
"SG9",22,"30","24.0527005608201","77.3322003673352","30"
"SG9",22,"31","24.2780819290525","71.1867703739195","31"
"SG9",22,"32","11.2908945415976","61.836349941266","32"
"SG9",22,"33","15.2695678234913","60.69360175307","33"
"SG9",22,"34","23.8388558005852","61.5899835438928","34"
"SG9",22,"35","26.7960012984965","56.3909838256029","35"
"SG9",22,"36","30.7399448918941","46.9587478952654","36"
"SG9",22,"37","23.0002214704584","46.2200624095629","37"
"SG9",22,"38","24.6632423459773","42.7884750050957","38"
"SG9",22,"39","16.3828463599572","38.1598874476936","39"
"SG9",22,"40","8.82464528662096","31.2724422111196","40"
"SG9",22,"41","1.40294685857205","31.9512663530598","41"
"SG9",22,"42","3.31197973651953","21.5177423486829","42"
"SG9",22,"43","1.80565456827962","22.0739511764749","43"
"SG9",22,"44","2.88308471111502","24.4406449746953","44"
"SG9",22,"45","10.4496445965937","25.1725770556758","45"
"SG9",22,"46","15.7537296145739","23.6602203424549","46"
"SG9",22,"47","7.08660049679621","15.6522999546318","47"
"SG9",22,"48","20.9254649678694","13.4372858143494","48"
"SG9",22,"49","0.55512477797122","7.94200747455503","49"
"SG9",22,"50","5.51012868818574","8.34899873789642","50"
"SG9",22,"51","8.49986349905118","11.7028706079749","51"
"SG9",22,"52","10.4421447380699","8.74954757162483","52"
"SG9",22,"53","6.2321324444015","3.53627422879899","53"
"SG9",22,"54","11.8154712754752","6.00138560665664","54"
"SG9",22,"55","12.9518050977375","1.73568435825754","55"
"SG9",22,"56","6.73487476524839","1.65550737204513","56"
"SG9",22,"57","19.5402615412418","7.79924442491041","57"
"SG9",22,"58","31.2150056791865","0.68765103300983","58"
"SG9",22,"59","33.6011379670701","9.46967403559031","59"
"SG9",22,"60","43.3394949913268","2.47614614390152","60"
"SG9",22,"61","45.6180388710598","1.77814809335303","61"
"SG9",22,"62","47.5946602634505","3.31102778971695","62"
"SG9",22,"63","53.8509803549791","1.0706360006937","63"
"SG9",22,"64","27.9284003930843","22.1253211279318","64"
"SG9",22,"65","40.2060849319978","19.7756059638792","65"
"SG9",22,"66","44.9643970192566","26.509453323613","66"
"SG9",22,"67","40.6277600937691","27.5127528400697","67"
"SG9",22,"68","37.2973419330811","24.012559393327","68"
"SG9",22,"69","48.6402731809836","32.568912163633","69"
"SG9",22,"70","48.3052304187747","38.5497812813567","70"
"SG9",22,"71","40.7559207945136","30.9606934055626","71"
"SG9",22,"72","41.2320261362151","33.579290772199","72"
"SG9",22,"73","35.9348822140768","32.0098209321569","73"
"SG9",22,"74","28.8233765533353","33.2835302781259","74"
"SG9",22,"75","39.9416055887628","41.6992015002941","75"
"SG9",22,"76","45.788471775345","48.5147763643918","76"
"SG9",22,"77","43.8661630952289","50.3553387857293","77"
"SG9",22,"78","39.7526454247667","52.2371940065213","78"
"SG9",22,"79","48.4009567224483","58.1992718198493","79"
"SG9",22,"80","49.4488833935995","52.9859449614824","80"
"SG9",22,"81","61.4875658712438","53.0902289139223","81"
"SG9",22,"82","68.89781028971","47.0050279336301","82"
"SG9",22,"83","65.3417334724799","60.736264153754","83"
"SG9",22,"84","71.215272534807","65.8786464264673","84"
"SG9",22,"85","65.1500923800755","67.1370343543571","85"
"SG9",22,"86","77.7133085488792","75.2810794461835","86"
"SG9",22,"87","63.4796707755424","73.3036859995215","87"
"SG9",22,"88","59.0804877380447","72.5374017754429","88"
"SG9",22,"89","55.483396422509","75.1105450733507","89"
"SG9",22,"90","57.1200894565963","77.9987766402828","90"
"SG9",22,"91","57.6169656436634","81.4993116049402","91"
"SG9",22,"92","55.7674488774905","82.260068874404","92"
"SG9",22,"93","62.3540726581663","80.8056337696146","93"
"SG9",22,"94","69.0433710759611","81.4969124189434","94"
"SG9",22,"95","61.8336732728049","87.866546238723","95"
"SG9",22,"96","51.7460817451476","86.4211404386004","96"
"SG9",22,"97","40.6850119357803","76.846782370907","97"
"SG9",22,"98","32.7573544583832","85.6008406339152","98"
"SG9",22,"99","37.4795476453826","98.8505348198661","99"
"SG9",22,"100","45.4335110137589","95.4534630910192","100"
"SG9",22,"101","59.6940803876553","93.946296886959","101"
"SG9",22,"102","99.155838146207","95.446940736558","102"
"SG9",22,"103","88.9063521739463","95.5970104234418","103"
"SG9",22,"104","99.5257875703884","90.2163699793401","104"
"SG9",22,"105","90.4157301884412","88.3806303944113","105"
"SG9",22,"106","98.1691666970903","84.5323524396591","106"
"SG9",22,"107","98.8025300429703","80.066110353423","107"
"SG9",22,"108","90.5013486859447","54.4639131262851","108"
"SG9",22,"109","64.7515469414962","30.6794218271672","109"
"SG9",22,"110","65.8722747913327","26.0375285160241","110"
"SG9",22,"111","69.9237438514907","28.0209001296106","111"
"SG9",22,"112","72.7031698644968","25.8015805546118","112"
"SG9",22,"113","65.4871428890142","19.2905307448773","113"
"SG9",22,"114","83.2024485358038","13.5824228503605","114"
"SG9",22,"115","83.5715863746005","7.13896133389193","115"
"SG9",22,"119","43.73779296875","5.04150390625","119"
"SG9",22,"120","86.279296875","8.5601806640625","120"
"SG9",22,"121","6.73828125","11.102294921875","121"
"WD19",17,"32","9.55361379191082","68.0889986795594","32"
"WD19",17,"33","13.5452337189345","52.8033365763718","33"
"WD19",17,"34","9.15697980386284","47.1484415223227","34"
"WD19",17,"35","15.2314067263157","43.9022439945173","35"
"WD19",17,"36","42.9509804070711","14.4028351681572","36"
"WD19",17,"37","52.527239740724","18.4496739389091","37"
"WD19",17,"38","39.7607819361091","50.1836188520441","38"
"WD19",17,"39","50.0072845124123","52.9545506122834","39"
"WD19",17,"40","42.2076890677056","41.8779530704398","40"
"WD19",17,"41","51.3166627973042","37.9983385531737","41"
"WD19",17,"42","77.2283774858115","63.7145703596877","42"
"WD19",17,"43","91.523798164316","58.4816652669429","43"
"WD19",17,"44","89.820821657765","57.7595936738292","44"
"WD19",17,"45","69.9626333497695","43.5315137527478","45"
"WD19",17,"46","65.8824997539837","32.5798352035347","46"
"WD19",17,"47","71.3279036487508","30.6635311321849","47"
"WD19",17,"48","73.4482611849888","38.0980989284413","48"
"WD19",17,"49","99.5395530897012","39.986907785847","49"
"WD19",17,"50","93.2149467670858","36.8619818145538","50"
"WD19",17,"51","90.8535090108862","33.0225090689888","51"
"WD19",17,"52","95.0715045680039","30.4395983378987","52"
"WD19",17,"53","70.6464355677552","19.5371531712101","53"
"WD19",17,"54","78.4940189062549","0.9744451585521","54"
"WD19",17,"55","75.1978472263052","13.0775197324501","55"
"WD25",17,"0","12.2097243208284","83.1343438122695","0"
"WD25",17,"1","24.1839846411278","80.1505966350022","1"
"WD25",17,"2","24.8500432601404","74.521136575993","2"
"WD25",17,"3","38.1141910993429","78.4545513491244","3"
"WD25",17,"4","10.4487348521143","65.1908102107729","4"
"WD25",17,"5","5.10720742287911","60.3275881338522","5"
"WD25",17,"6","33.8033703409611","64.2213141397111","6"
"WD25",17,"7","24.6626612515255","55.8244127595084","7"
"WD25",17,"8","10.0934082507763","43.8132133312532","8"
"WD25",17,"9","15.1345626396626","47.8848203540022","9"
"WD25",17,"10","20.0362353989041","45.8303392966424","10"
"WD25",17,"11","40.2717564299691","48.0520576466828","11"
"WD25",17,"12","92.1805554176399","97.0748687466354","12"
"WD25",17,"13","91.9341830126715","89.3211640693444","13"
"WD25",17,"14","99.5105536223803","77.779447679955","14"
"WD25",17,"15","91.4808069280241","74.0331779630373","15"
"WD25",17,"16","85.2709368209278","66.3286722204378","16"
"WD9",17,"11","10.072058961669","64.7378699704133","11"
"WD9",17,"49","21.9828737034165","22.0521581347885","49"
"WD9",17,"50","3.51390959455801","31.2165690770818","50"
"WD9",17,"51","8.78890216349615","59.5903932109917","51"
"WD9",17,"52","11.7244674120413","51.3290057168329","52"
"WD9",17,"53","4.48266141540331","49.8603853443637","53"
"WD9",17,"54","11.6331538214074","42.5705611048372","54"
"WD9",17,"55","8.67890687076627","36.091551500257","55"
"WD9",17,"56","42.0060085007783","99.2294265561036","56"
"WD9",17,"57","68.1428145193745","98.53152504821","57"
