"","quad","year","trackID","area","survives","age","distEdgeMin","allEdge"
"1","A5P",17,26,2.04206889221521,0,1,15.2459127701432,0
"2","A5P",17,27,1.01883097820336,0,1,27.3300898631452,0
"3","A5P",17,25,1.32807970395771,1,1,0.302027496845625,1
"4","A5P",18,31,0.37538118631105,0,1,37.4034635616727,0
"5","A5P",18,32,0.33447545042612,0,1,29.2589474746163,0
"6","A5P",18,40,0.72831710182199,0,1,29.3584628060361,0
"7","A5P",18,36,1.90839440268099,0,1,12.9804788668029,0
"8","A5P",18,28,1.21917126732177,0,1,8.96314227655562,0
"9","A5P",18,29,0.51619262399781,0,1,7.26789749981977,0
"10","A5P",18,34,0.30986092633637,0,1,15.3750617644632,0
"11","A5P",18,30,0.44669204164498,0,1,11.5729778573115,0
"12","A5P",18,37,4.9172261862757,1,1,35.3936880963579,0
"13","A5P",18,33,0.25483835575931,0,1,16.5589586403103,0
"14","A5P",18,38,1.48704113677996,0,1,36.0581256162618,0
"15","A5P",18,39,1.34369528818697,0,1,31.3495619152181,0
"16","A5P",18,45,0.25048851966858,0,1,10.63232421875,0
"17","A5P",18,44,0.25048851966858,0,1,8.97216796875,0
"18","A5P",18,42,0.56325125764915,0,1,14.5948846682518,0
"19","A5P",18,43,0.56180393952266,0,1,6.99882919885548,0
"20","A5P",18,35,0.26062999862751,0,1,6.54964614175245,0
"21","A5P",18,41,0.58207442618744,0,1,9.64404270206259,0
"22","A5P",19,49,2.69349326719967,0,1,12.3777118740573,0
"23","A5P",19,48,3.43518004632635,0,1,9.99428648577173,0
"24","A5P",19,46,6.04770886301314,0,1,-0.019774026690726,1
"25","A5P",19,47,11.8415226718324,1,1,1.39471388187832,0
"26","A5P",20,50,5.12204869003426,0,1,23.3866687095079,0
"27","A5P",21,52,2.24047577846382,0,1,15.5452130642609,0
"28","A5P",21,56,0.25048851966858,0,1,18.1884765625,0
"29","A5P",21,57,0.24743378162384,0,1,5.09033203125,0
"30","A5P",21,51,10.8278351552164,1,1,0.638723246221043,0
"31","A5P",21,53,8.10341508631071,1,1,-0.103215718869535,1
"32","A5P",21,54,5.74226782038633,0,1,-0.0467388154558795,1
"33","A5P",21,55,0.25048851966858,0,1,16.68701171875,0
"34","A5P",22,60,0.68371665294616,0,1,3.36635023681707,1
"35","A5P",22,58,0.5579387480679,0,1,17.098574249799,0
"36","A5P",22,59,2.5268499217519,1,1,0.299702708749891,1
"37","A5P",23,63,0.93805457095434,0,1,16.5248166931187,0
"38","A5P",23,64,2.04589962198453,0,1,21.9009878127253,0
"39","A5P",23,61,1.2019867460163,0,1,3.76822744711957,0
"40","A5P",23,62,2.00219115985747,0,1,19.3660574296606,0
"41","A5P",24,66,1.01566544354818,0,1,7.28673690608775,0
"42","A5P",24,69,0.250488519668579,0,1,8.709716796875,0
"43","A5P",24,65,1.58697667747048,1,1,19.3209888369979,0
"44","A5P",24,68,0.250488519668579,0,1,7.75146484375,0
"45","A5P",24,67,0.578525304950385,0,1,36.5638377762985,0
"46","A5P",29,73,4.44328477428654,1,1,21.6054772930465,0
"47","A5P",30,74,9.26106979900358,1,1,2.20459715052632,0
"48","A5P",31,75,4.34512664352136,0,1,17.9888201909219,0
"49","AW2",22,143,5.75198071099913,1,1,8.50891403018682,0
"50","AW2",22,144,5.85156832362425,0,1,1.43421329319517,1
"51","AW2",22,146,1.68438574227226,0,1,33.0198796512978,0
"52","AW2",22,145,2.69226979336558,0,1,25.9718617900388,0
"53","AW2",23,147,1.6530302150299,0,1,26.3467848586582,0
"54","AW2",23,148,1.693740990408,0,1,25.6363104967113,0
"55","BW1",22,74,1.8255193548783,0,1,20.4253412947597,0
"56","BW1",22,84,0.25048851966858,0,1,13.2080078125,0
"57","BW1",22,81,0.25048851966858,0,1,18.487548828125,0
"58","BW1",22,83,0.25048851966858,0,1,14.471435546875,0
"59","BW1",22,70,2.39800927601543,0,1,5.0915790862949,0
"60","BW1",22,76,0.25048851966858,1,1,31.18896484375,0
"61","BW1",22,80,0.25048851966858,0,1,19.90966796875,0
"62","BW1",22,77,0.25048851966858,0,1,7.269287109375,0
"63","BW1",22,75,6.3361014824515,1,1,37.0653132934507,0
"64","BW1",22,82,0.25048851966858,0,1,16.668701171875,0
"65","BW1",22,73,1.3368858468952,1,1,26.2748881509933,0
"66","BW1",22,69,7.29723758614122,1,1,4.92120300641277,0
"67","BW1",22,78,0.25048851966858,0,1,20.928955078125,0
"68","BW1",22,72,1.18368433382872,0,1,27.5243062112096,0
"69","BW1",22,71,4.65785102358441,1,1,-0.019676169663569,1
"70","BW1",22,79,0.24743378162384,0,1,19.873046875,0
"71","BW1",23,85,0.25048851966858,0,1,19.268798828125,0
"72","BW1",27,94,3.52961701376277,1,1,10.2360312692986,0
"73","BW1",28,95,0.25048851966858,0,1,7.470703125,0
"74","BW1",29,98,0.24743378162384,0,1,20.452880859375,0
"75","BW1",29,99,0.25048851966858,0,1,9.38720703125,0
"76","BW1",29,96,0.35141415128817,0,1,-0.0349528720305443,1
"77","BW1",29,97,0.25048851966858,0,1,31.8115234375,0
"78","BW1",30,100,11.4249708997196,1,1,5.00424969897961,0
"79","BW1",30,101,0.25048851966858,1,1,28.131103515625,0
"80","BW1",31,102,0.25048851966858,0,1,13.1103515625,0
"81","BW1",32,104,0.250488519668579,0,1,38.189697265625,0
"82","BW1",32,103,1.34472253923056,0,1,27.4656975612373,0
"83","BW2",22,73,4.20715471383846,0,1,0.240963285427199,1
"84","BW2",22,89,8.35159137135754,0,1,18.1161403102802,0
"85","BW2",22,75,3.85064338245127,0,1,15.9462273171294,0
"86","BW2",22,88,2.04828514320626,0,1,25.0681393899964,0
"87","BW2",22,87,1.10089153966423,0,1,26.3895936906566,0
"88","BW2",22,91,2.11100388972703,1,1,11.2790505710113,0
"89","BW2",22,74,1.99712011033104,0,1,21.6916809917066,0
"90","BW2",22,80,1.28739757920019,0,1,4.44196083174245,0
"91","BW2",22,90,2.58305165458872,1,1,15.0135956819496,0
"92","BW2",22,86,5.36911625708935,1,1,29.0325022919768,0
"93","BW2",22,71,3.40235515922147,1,1,-0.0327309144654464,1
"94","BW2",22,84,4.13453410251405,1,1,45.0756761569492,0
"95","BW2",22,70,6.053812340986,0,1,5.90179294324145e-09,1
"96","BW2",22,85,1.91459374862306,0,1,37.4006899131275,0
"97","BW2",22,92,3.24160515222984,1,1,3.06305186085868,0
"98","BW2",22,94,0.25048851966858,0,1,25.89111328125,0
"99","BW2",22,72,3.8877795677995,1,1,3.88932616856683,0
"100","BW2",22,82,3.96122870458339,1,1,15.2940517348488,0
"101","BW2",22,83,13.1545789574331,1,1,41.0336839299985,0
"102","BW2",22,77,0.95069448929416,0,1,9.74113628076297,0
"103","BW2",22,78,5.02085616146099,0,1,24.1047709121321,0
"104","BW2",22,76,1.99546942460607,0,1,28.1064133846631,0
"105","BW2",22,93,0.25048851966858,0,1,19.769287109375,0
"106","BW2",22,95,0.25048851966858,0,1,12.811279296875,0
"107","BW2",22,79,1.74459071910028,0,1,5.87832402792357,0
"108","BW2",22,81,4.4959943468232,1,1,6.10132630045166,0
"109","BW2",23,102,1.31826248059959,0,1,6.5425955154811,0
"110","BW2",23,96,3.53942230607642,0,1,4.61043193574619,0
"111","BW2",23,98,3.58272187986629,0,1,43.6881431543243,0
"112","BW2",23,100,1.10817409038318,0,1,1.44550226422492,1
"113","BW2",23,99,2.86104669806726,0,1,15.1953090384773,0
"114","BW2",23,101,1.56938372285729,0,1,12.4325692668218,0
"115","BW2",23,97,2.5066231908568,0,1,11.9605555890396,0
"116","BW2",27,122,3.2827998687958,1,1,9.88257725653696e-08,1
"117","BW2",28,123,0.24743378162384,0,1,4.77294921875,0
"118","BW2",29,124,10.8478578576402,0,1,30.9328014510647,0
"119","BW2",30,127,2.99063047003702,0,1,2.81294932723977,1
"120","BW2",30,125,0.86011770284694,0,1,-0.0877188828198594,1
"121","BW2",30,126,3.85595536017157,0,1,2.64232141906165,0
"122","BW3",22,103,0.24743378162384,0,1,12.48779296875,0
"123","BW3",22,101,8.43391474311108,1,1,7.38218176583059,0
"124","BW3",22,100,3.86180302547865,0,1,14.5807296458513,0
"125","BW3",22,99,1.56304637530662,0,1,18.9214050881156,0
"126","BW3",22,98,1.75899327920418,1,1,1.37629225071122,1
"127","BW3",22,102,1.64015441574414,0,1,5.92994279824922,0
"128","BW3",22,94,2.19443289019663,0,1,3.28905505226541,1
"129","BW3",22,96,1.73540669561844,0,1,32.402460204505,0
"130","BW3",22,97,2.84849934193234,1,1,5.29502840370587,0
"131","BW3",22,95,2.69155929361904,0,1,35.2352745709891,0
"132","BW3",23,104,0.16948541168816,0,1,2.06665198843048e-07,1
"133","BW3",28,119,4.41827017630201,0,1,22.1069170556727,0
"134","BW3",28,120,3.18461788607755,0,1,6.03720934340761,0
"135","BW3",29,122,3.54180644622945,1,1,11.0199737591834,0
"136","BW3",29,121,3.21669384552351,1,1,0.110293236004441,1
"137","BW3",29,123,0.53362330149155,1,1,1.0721662135893e-07,1
"138","BW3",30,124,4.57125551057665,1,1,13.5432450332613,0
"139","BW3",31,125,1.26511006045868,0,1,21.9177969390576,0
"140","BW3",31,126,2.97019313363647,0,1,22.4144130169895,0
"141","BW3",32,127,5.04638520947378,0,1,30.2666524570997,0
"142","BW3",32,129,1.79578539357739,0,1,39.6942382623343,0
"143","BW3",32,130,1.62042872311283,0,1,26.0177086829848,0
"144","BW3",32,128,2.98106839272375,0,1,30.0464403103107,0
"145","M1",25,102,2.78390100154032,1,1,1.94164982758593e-07,1
"146","M1",25,103,3.58919436775353,1,1,18.0349081826425,0
"147","M1",30,104,1.54424122223449,1,1,16.685359025151,0
"148","M1",31,105,9.5210034745066,0,1,4.06839979855332,0
"149","M1",32,108,7.56430577226531,0,1,1.68368436955636,1
"150","M1",32,106,0.85216299559546,0,1,2.25435033496834,1
"151","M1",32,107,3.0206454921893,1,1,1.18983297428564,1
"152","M1",33,110,1.56570757399341,0,1,12.5739274411032,0
"153","M1",33,109,1.54167953356246,0,1,2.54054697279571e-08,1
"154","M1",33,111,0.83350938550873,0,1,0.938306917163359,1
"155","M1",33,112,1.02691968958477,0,1,6.09122462861401,0
"156","M1",33,114,0.84118401115949,0,1,2.3234995824364,1
"157","M1",33,113,2.78143347020295,0,1,32.3506321619779,0
"158","M1",34,115,6.81145661508658,0,1,7.92605302307201,0
"159","M1",34,116,0.25048851966858,0,1,8.97216796875,0
"160","M3",25,154,0.250488519668579,0,1,12.310791015625,0
"161","M3",29,156,0.25048851966858,0,1,35.888671875,0
"162","M3",29,155,0.25048851966858,0,1,38.189697265625,0
"163","M3",31,158,0.25048851966858,0,1,7.391357421875,0
"164","M3",31,157,1.94578358515537,0,1,35.7339620219292,0
"165","M3",32,159,3.11810609232794,0,1,10.511683849704,0
"166","M3",33,160,0.250488519668579,0,1,30.96923828125,0
"167","M3",33,161,0.250488519668579,0,1,5.792236328125,0
"168","M4",25,99,0.25048851966858,0,1,38.787841796875,0
"169","M4",25,97,2.64757468168095,1,1,35.0585737262161,0
"170","M4",25,98,0.25048851966858,0,1,29.96826171875,0
"171","M4",25,96,4.65856612589025,1,1,18.919827226753,0
"172","M4",26,101,0.25048851966858,1,1,31.768798828125,0
"173","M4",26,100,0.78581401948855,0,1,-0.100866798513558,1
"174","M4",29,102,3.69285567066371,0,1,24.0312964090392,0
"175","M4",30,103,1.91205898612289,0,1,30.4556667828241,0
"176","M4",31,104,0.25048851966858,0,1,17.431640625,0
"177","M4",32,105,2.41753777920383,0,1,1.50601283283781,1
"178","M4",32,106,8.66329726735407,1,1,10.0517446575629,0
"179","M4",33,107,0.250488519668579,0,1,14.569091796875,0
"180","M5",25,100,1.54843308683755,1,1,24.5543481493566,0
"181","M5",25,101,2.47289542104131,0,1,21.9430056388151,0
"182","M5",26,102,4.09026103293074,1,1,5.7631727168328e-08,1
"183","M5",26,103,11.353934154853,1,1,30.7231629555549,0
"184","M5",27,104,2.75196060759817,0,1,-0.0274133999063082,1
"185","M5",30,105,2.90570595692609,1,1,8.21545980990888,0
"186","M5",32,106,11.2359408396812,0,1,20.7888608453235,0
"187","M5",34,107,3.90769413164799,0,1,21.6141119234578,0
"188","M6",25,102,3.84452188403991,1,1,12.974052654545,0
"189","M6",25,100,2.20406957606288,1,1,3.39551781708508,1
"190","M6",25,99,3.12022747144239,1,1,21.9852183411305,0
"191","M6",25,101,3.96036251551261,1,1,34.4339773053402,0
"192","M6",26,104,8.65292967932593,0,1,27.9116831647713,0
"193","M6",26,105,0.25048851966858,0,1,11.669921875,0
"194","M6",26,103,5.4014976361956,1,1,0.00917578051085854,1
"195","M6",27,106,0.25048851966858,1,1,7.208251953125,0
"196","M6",31,108,3.63971748130596,0,1,1.31080148461324,1
"197","M6",31,107,5.42192293250454,1,1,19.2357687417612,0
"198","M6",31,109,0.24743378162384,0,1,33.831787109375,0
"199","M6",33,110,2.50961886722116,1,1,3.26951121882048,1
"200","M6",34,111,2.78742037124462,0,1,8.01997905570994,0
"201","M7",27,104,4.79536373474328,0,1,29.3330990708242,0
"202","M7",28,105,0.250488519668579,1,1,31.451416015625,0
"203","M7",29,106,5.12165754427283,0,1,5.09627626331558,0
"204","M7",30,107,9.04939673837917,1,1,5.87853814652703,0
"205","M8",25,121,1.60203312065061,0,1,4.26427837048128,0
"206","M8",25,125,0.250488519668579,0,1,13.848876953125,0
"207","M8",25,123,1.80299590221026,0,1,21.1930360248455,0
"208","M8",25,124,2.72006098053203,1,1,29.5445566219063,0
"209","M8",25,122,3.87488293714447,1,1,10.1329143454628,0
"210","M8",25,120,1.40673175475061,1,1,16.0767900303779,0
"211","M8",26,130,0.25048851966858,0,1,22.00927734375,0
"212","M8",26,127,3.113041481668,1,1,28.8663685103078,0
"213","M8",26,128,0.25048851966858,1,1,3.509521484375,1
"214","M8",26,126,4.84089731674346,0,1,24.832840043771,0
"215","M8",26,129,0.25048851966858,1,1,11.73095703125,0
"216","M8",29,131,5.48673054620989,1,1,10.1185613062943,0
"217","M8",32,132,3.59541728349809,0,1,3.6464275823078,0
"218","M8",33,133,0.250488519668579,0,1,11.5478515625,0
"219","M8",34,134,7.70025183534521,0,1,24.8326362730486,0
"220","NE25",27,132,0.25048851966858,1,1,21.728515625,0
"221","NE25",27,131,3.15754131219234,1,1,28.7856435766439,0
"222","NE25",27,130,3.321550828464,1,1,0.8925539775461,1
"223","NE25",28,133,0.25048851966858,0,1,18.328857421875,0
"224","NE25",28,134,0.25048851966858,0,1,5.072021484375,0
"225","NE25",29,138,0.24743378162384,0,1,33.31298828125,0
"226","NE25",29,136,4.82827458806669,1,1,1.92144469779443e-07,1
"227","NE25",29,139,0.25048851966858,0,1,5.18798828125,0
"228","NE25",29,141,0.25048851966858,1,1,5.889892578125,0
"229","NE25",29,137,0.25048851966858,0,1,22.491455078125,0
"230","NE25",29,135,3.85466219695211,0,1,24.5088446599157,0
"231","NE25",29,140,0.25659799575806,0,1,0,1
"232","NE25",30,142,6.02300154324632,0,1,2.00695593477462e-07,1
"233","NE25",30,143,0.25048851966858,1,1,38.568115234375,0
"234","NE25",31,149,0.25048851966858,0,1,24.969482421875,0
"235","NE25",31,148,0.25048851966858,0,1,35.992431640625,0
"236","NE25",31,144,0.24743378162384,0,1,24.57275390625,0
"237","NE25",31,146,0.25048851966858,0,1,26.507568359375,0
"238","NE25",31,150,0.25048851966858,0,1,4.65087890625,0
"239","NE25",31,145,0.25048851966858,0,1,26.287841796875,0
"240","NE25",31,147,0.25048851966858,1,1,39.58740234375,0
"241","NE25",32,151,0.25048851966858,0,1,7.09228515625,0
"242","NE25",33,154,0.25048851966858,0,1,9.808349609375,0
"243","NE25",33,153,1.81734300092318,0,1,39.6692784249441,0
"244","NE25",33,155,0.25048851966858,0,1,14.007568359375,0
"245","NE25",33,152,9.86504205841208,1,1,-1.52166149125499e-07,1
"246","NE25",33,156,0.2596527338028,0,1,8.75244140625,0
"247","NE25",34,161,0.2474337816238,0,1,30.712890625,0
"248","NE25",34,162,0.2474337816238,0,1,33.990478515625,0
"249","NE25",34,163,0.2504885196686,0,1,30.21240234375,0
"250","NE25",34,159,0.2504885196686,0,1,32.330322265625,0
"251","NE25",34,160,0.2504885196686,0,1,13.848876953125,0
"252","NE25",34,157,0.2504885196686,0,1,25.76904296875,0
"253","NE25",34,158,0.2504885196686,0,1,8.69140625,0
"254","NF25",29,187,0.2504885196686,1,1,14.410400390625,0
"255","NF25",29,172,4.4759192912205,1,1,-0.0318733071678151,1
"256","NF25",29,184,0.2504885196686,0,1,21.66748046875,0
"257","NF25",29,182,0.2474337816238,1,1,18.4326171875,0
"258","NF25",29,170,6.1860605567059,1,1,19.8958587473751,0
"259","NF25",29,186,0.2504885196686,0,1,13.232421875,0
"260","NF25",29,188,0.2504885196686,0,1,13.348388671875,0
"261","NF25",29,180,0.2504885196686,0,1,36.73095703125,0
"262","NF25",29,171,3.7037544238091,1,1,3.42851221094919,0
"263","NF25",29,185,0.2504885196686,1,1,15.570068359375,0
"264","NF25",29,181,0.2504885196686,1,1,16.46728515625,0
"265","NF25",29,175,0.2504885196686,0,1,10.711669921875,0
"266","NF25",29,169,6.660286141958,1,1,35.758094647994,0
"267","NF25",29,167,18.0952110925369,1,1,0.761457571885842,0
"268","NF25",29,173,0.2413243055344,0,1,0.152587890625,1
"269","NF25",29,174,0.2504885196686,0,1,0.787353515625,1
"270","NF25",29,177,0.2504885196686,0,1,41.02783203125,0
"271","NF25",29,179,0.2504885196686,0,1,38.70849609375,0
"272","NF25",29,183,0.2504885196686,1,1,15.83251953125,0
"273","NF25",29,176,0.2504885196686,1,1,22.0703125,0
"274","NF25",29,168,30.9584451237794,1,1,3.99756596639901,0
"275","NF25",29,178,0.2504885196686,1,1,21.4111328125,0
"276","NF25",30,192,3.7480334475957,0,1,15.0597758894259,0
"277","NF25",30,191,1.585431686615,1,1,9.92187088179759,0
"278","NF25",30,190,2.3387611785822,0,1,17.3460174683197,0
"279","NF25",30,189,0.362383788679,1,1,-9.57486321340184e-08,1
"280","NF25",31,202,0.2504885196686,0,1,13.568115234375,0
"281","NF25",31,198,7.0397357257772,0,1,25.8342269058229,0
"282","NF25",31,194,0.456595527236,0,1,5.64327820029575e-08,1
"283","NF25",31,200,0.2504885196686,0,1,14.8681640625,0
"284","NF25",31,197,9.3980455209834,0,1,3.6415077194116,0
"285","NF25",31,201,0.2504885196686,0,1,26.20849609375,0
"286","NF25",31,199,0.2564862370491,0,1,0.29296875,1
"287","NF25",31,193,8.2811673809896,1,1,3.81511242503643,0
"288","NF25",31,195,2.6764530554113,1,1,13.1923516870295,0
"289","NF25",31,196,4.6570548693961,1,1,18.2917331943392,0
"290","NF25",33,203,2.30359758005531,0,1,15.4268639113439,0
"291","NF25",33,204,0.25048851966858,0,1,14.83154296875,0
"292","NF25",33,206,0.24743378162384,0,1,21.527099609375,0
"293","NF25",33,205,0.23826956748962,0,1,27.532958984375,0
"294","NF25",34,207,7.3647601655898,0,1,27.2227752425873,0
"295","NF25",34,209,0.2504885196686,0,1,20.989990234375,0
"296","NF25",34,212,0.2504885196686,0,1,17.529296875,0
"297","NF25",34,210,0.2504885196686,0,1,11.810302734375,0
"298","NF25",34,211,0.2504885196686,0,1,38.76953125,0
"299","NF25",34,208,32.1743805369807,0,1,-0.0236378302578777,0
"300","P3A",17,46,0.64855057493645,0,1,28.951333098383,0
"301","P3A",17,45,1.07256921748019,0,1,21.1699140044721,0
"302","P3A",17,44,2.00152141800582,1,1,21.4773842811137,0
"303","P3A",20,54,1.98177864924486,0,1,18.4676434844732,0
"304","P3A",20,55,5.80453870525652,0,1,16.2809165194631,0
"305","P3A",20,53,1.55673240366901,1,1,21.6181136667728,0
"306","P3A",22,58,0.250488519668579,0,1,23.590087890625,0
"307","P3A",22,56,2.05196849227105,0,1,1.1260777393181,1
"308","P3A",22,57,2.61079625913417,0,1,-0.00525999058237914,1
"309","P3A",23,59,1.5396589517018,0,1,17.3250583115094,0
"310","P6A",17,45,0.97800766652491,0,1,4.82455735860506,0
"311","P6A",17,43,1.06923768723735,1,1,10.7163410702074,0
"312","P6A",17,40,1.2455375869507,1,1,27.2049869669755,0
"313","P6A",17,39,2.13847486390931,0,1,17.0407978183636,0
"314","P6A",17,44,2.6704539118746,0,1,18.5263801092808,0
"315","P6A",17,38,1.65563114187718,0,1,15.2253057877845,0
"316","P6A",17,42,2.44076607224186,0,1,25.7198366974446,0
"317","P6A",17,49,0.2596527338028,0,1,23.529052734375,0
"318","P6A",17,48,0.24743378162384,0,1,23.992919921875,0
"319","P6A",17,41,1.68848655568027,1,1,9.38041376134876,0
"320","P6A",17,50,0.25048851966858,0,1,12.95166015625,0
"321","P6A",17,47,0.25048851966858,0,1,19.59228515625,0
"322","P6A",17,46,0.25048851966858,0,1,33.63037109375,0
"323","P6A",20,84,3.99567976212734,0,1,12.5089407920962,0
"324","P6A",20,68,0.97799551882792,1,1,36.4759690930584,0
"325","P6A",20,92,1.08597605483095,0,1,2.60616353361283,1
"326","P6A",20,83,2.29093161669135,0,1,19.9500380297488,0
"327","P6A",20,70,2.94466019514437,0,1,32.7219019500647,0
"328","P6A",20,81,1.76415604114901,0,1,24.0225300400163,0
"329","P6A",20,79,4.01056745940247,0,1,2.28171792340367,1
"330","P6A",20,89,1.68551161641468,1,1,26.6718210182616,0
"331","P6A",20,82,3.49432438516539,0,1,21.2069797940027,0
"332","P6A",20,69,1.71191374034612,0,1,35.7385633410824,0
"333","P6A",20,72,3.06262475557644,0,1,40.0497793746411,0
"334","P6A",20,77,3.74570477218149,0,1,10.5313514256342,0
"335","P6A",20,86,6.968004693004,1,1,2.20201485478945,0
"336","P6A",20,71,4.97789128202145,0,1,29.2473147777684,0
"337","P6A",20,80,1.28765575782819,0,1,24.8604918094206,0
"338","P6A",20,93,0.25048851966858,0,1,26.312255859375,0
"339","P6A",20,76,1.00186901520903,0,1,29.0126855535234,0
"340","P6A",20,75,0.95412186958631,0,1,27.8730575115394,0
"341","P6A",20,74,1.46502705446928,0,1,33.5250122871598,0
"342","P6A",20,85,4.71912662867745,0,1,-0.0257467919109078,1
"343","P6A",20,91,6.47830687469853,0,1,26.6423964032878,0
"344","P6A",20,73,2.84382510273354,0,1,35.6701938295321,0
"345","P6A",20,90,2.65030520458103,1,1,18.5979675103285,0
"346","P6A",20,88,5.47475119808133,0,1,6.35830384286474,0
"347","P6A",20,78,4.40912283441195,0,1,8.18505962811057,0
"348","P6A",20,87,10.0594211803871,1,1,1.90034902713611,0
"349","P6A",21,99,2.22880697573806,0,1,25.9836306795478,0
"350","P6A",21,98,0.56463030945881,0,1,24.8177597299218,0
"351","P6A",21,95,2.61959221745102,0,1,25.5018973723054,0
"352","P6A",21,100,4.48881753057457,1,1,14.3177000805736,0
"353","P6A",21,94,3.57539307120874,0,1,0,1
"354","P6A",21,97,0.91232476038641,0,1,20.4866372048855,0
"355","P6A",21,96,0.8380312586677,0,1,22.5581580772996,0
"356","P6A",22,102,2.3922635857063,0,1,32.2987162021306,0
"357","P6A",22,103,0.28311665748026,0,1,13.9361286625026,0
"358","P6A",22,101,1.10850045924665,0,1,42.2767599892191,0
"359","P6A",23,104,2.23750124696323,0,1,28.1446580775082,0
"360","P6A",24,105,3.27660382637794,0,1,27.0371491586954,0
"361","P6A",27,108,0.25048851966858,0,1,45.330810546875,0
"362","P6A",28,109,4.37175918629906,1,1,0,1
"363","P6A",30,110,0.25048851966858,0,1,33.087158203125,0
"364","P6B",17,46,2.77024653280514,0,1,14.2575966577593,0
"365","P6B",17,47,2.96098228161479,0,1,13.057803009496,0
"366","P6B",20,62,1.73926827612465,1,1,6.10850022788769,0
"367","P6B",20,71,2.81439627561168,0,1,33.346364669649,0
"368","P6B",20,70,5.36001115453637,1,1,19.9469495728985,0
"369","P6B",20,60,1.57831183065694,0,1,32.477879664671,0
"370","P6B",20,61,7.19616615313502,1,1,30.5511141868946,0
"371","P6B",20,63,3.98328590306789,0,1,30.4952091950366,0
"372","P6B",20,67,4.09579702850112,0,1,18.8288492908114,0
"373","P6B",20,64,5.09279184494082,1,1,38.3778179412091,0
"374","P6B",20,69,2.87541699384723,1,1,9.20551304268571,0
"375","P6B",20,68,3.856636703319,1,1,7.81556100058891,0
"376","P6B",20,65,3.75669483679833,1,1,2.26317495893899,1
"377","P6B",20,66,1.68770049818835,1,1,18.6611343152373,0
"378","P6B",21,74,2.32482935719018,0,1,28.235097574731,0
"379","P6B",21,73,5.40852190528913,0,1,18.6010234694408,0
"380","P6B",21,75,6.8121893711022,1,1,32.134891715613,0
"381","P6B",21,72,1.24283297208147,0,1,20.0694809860509,0
"382","P6B",22,77,3.99480081736143,1,1,3.09988832230766,0
"383","P6B",22,76,5.28099346407194,0,1,1.49763307797248,0
"384","P6B",24,78,4.51808332712502,1,1,28.643131344847,0
"385","P6B",27,79,7.47579243072007,0,1,0.287309954186981,1
"386","P6B",31,80,2.74615710017021,1,1,13.3532541063394,0
"387","P6B",31,83,0.250488519668579,0,1,6.927490234375,0
"388","P6B",31,82,2.18071842058534,0,1,0.829429398386497,1
"389","P6B",31,81,3.28693286009983,1,1,9.61391313461925,0
"390","PP6",17,12,1.61660957833795,0,1,1.96044099729588,1
"391","PP6",17,10,0.52888306338164,0,1,20.4079492990735,0
"392","PP6",17,9,2.65240654500635,0,1,24.1888943514592,0
"393","PP6",17,11,0.93393465336795,0,1,25.9841725790374,0
"394","PP6",20,13,0.86215280977923,0,1,-2.01485605089147e-07,1
"395","PP6",21,14,2.81605393867671,0,1,19.5375770039442,0
"396","PP6",21,16,0.87356185459996,0,1,25.5534248599132,0
"397","PP6",21,15,2.11118016890058,0,1,15.5131824185063,0
"398","PP6",21,22,0.43302794141139,0,1,38.9478245931139,0
"399","PP6",21,21,2.17400749168389,0,1,0.00741118546542796,1
"400","PP6",21,17,0.99147244591653,0,1,32.988494837469,0
"401","PP6",21,18,1.1291752317259,0,1,32.2417006952567,0
"402","PP6",21,19,1.57327189704734,0,1,40.591875770025,0
"403","PP6",21,20,1.77982782940286,0,1,37.4692645849326,0
"404","PP6",22,27,0.25048851966858,0,1,3.192138671875,1
"405","PP6",22,25,0.25048851966858,0,1,8.0078125,0
"406","PP6",22,24,4.35072245418255,1,1,-8.12075029443804e-09,1
"407","PP6",22,26,0.25048851966858,0,1,44.049072265625,0
"408","PP6",22,28,0.25048851966858,0,1,18.511962890625,0
"409","PP6",22,23,1.11904036136896,0,1,6.76092001393784,0
"410","PP6",23,29,4.73398146078212,0,1,2.45186890612834,1
"411","PP6",24,31,1.13802036755749,0,1,20.0943741242845,0
"412","PP6",24,32,0.61479273464324,0,1,19.1306937484606,0
"413","PP6",24,30,12.7071717638453,0,1,2.58478933306509,0
"414","PP6",27,47,0.25048851966858,1,1,34.6923828125,0
"415","PP6",27,46,0.25048851966858,0,1,2.490234375,1
"416","PP6",27,45,0.25048851966858,0,1,43.768310546875,0
"417","PP6",27,42,6.08295335085263,0,1,39.7629046828665,0
"418","PP6",27,40,2.19828868996773,0,1,6.8225798589413,0
"419","PP6",27,43,4.66578336583397,1,1,16.628762340766,0
"420","PP6",27,44,0.24743378162384,0,1,34.28955078125,0
"421","PP6",27,39,3.59035133977522,0,1,4.65705495053058,0
"422","PP6",27,41,3.72146820114775,1,1,31.4592471075607,0
"423","PP6",29,49,3.1518733063616,1,1,-5.56153095798706e-08,1
"424","PP6",29,60,0.2504885196686,0,1,26.910400390625,0
"425","PP6",29,59,0.2474337816238,0,1,45.81298828125,0
"426","PP6",29,48,0.4172907447714,1,1,-0.000687466776636003,1
"427","PP6",29,61,0.2474337816238,0,1,24.212646484375,0
"428","PP6",29,58,0.2504885196686,0,1,30.18798828125,0
"429","PP6",29,57,0.2596527338028,0,1,38.128662109375,0
"430","PP6",29,69,0.2504885196686,1,1,19.81201171875,0
"431","PP6",29,71,0.2596527338028,0,1,14.569091796875,0
"432","PP6",29,72,0.2504885196686,0,1,13.531494140625,0
"433","PP6",29,56,0.2504885196686,0,1,33.587646484375,0
"434","PP6",29,63,0.2504885196686,0,1,7.830810546875,0
"435","PP6",29,68,0.2474337816238,0,1,21.7529296875,0
"436","PP6",29,55,0.2504885196686,0,1,33.551025390625,0
"437","PP6",29,67,0.2504885196686,0,1,22.22900390625,0
"438","PP6",29,54,6.3567137478654,0,1,7.65023967572466,0
"439","PP6",29,64,0.2504885196686,1,1,13.232421875,0
"440","PP6",29,70,0.2504885196686,0,1,17.529296875,0
"441","PP6",29,51,7.8366463437279,1,1,21.9669523938795,0
"442","PP6",29,52,1.9533357233895,1,1,16.7719375176409,0
"443","PP6",29,66,0.2504885196686,0,1,22.711181640625,0
"444","PP6",29,74,0.2474337816238,0,1,11.1083984375,0
"445","PP6",29,73,0.2474337816238,0,1,12.79296875,0
"446","PP6",29,50,4.0654420169913,1,1,20.7255385581242,0
"447","PP6",29,62,0.2504885196686,0,1,13.067626953125,0
"448","PP6",29,53,8.5707881689671,1,1,6.78664659099239,0
"449","PP6",29,65,0.2474337816238,0,1,24.23095703125,0
"450","PP6",30,81,0.2504885196686,0,1,15.80810546875,0
"451","PP6",30,78,0.2474337816238,0,1,17.108154296875,0
"452","PP6",30,80,0.2504885196686,0,1,18.707275390625,0
"453","PP6",30,75,3.1107728136743,0,1,25.285267277308,0
"454","PP6",30,79,0.2504885196686,0,1,25.628662109375,0
"455","PP6",30,76,3.1424534513007,0,1,10.9486943993792,0
"456","PP6",30,77,5.3676677733414,0,1,6.22834596161117,0
"457","PP6",31,84,2.22523438081312,0,1,15.1337325907989,0
"458","PP6",31,85,1.22252864890188,0,1,25.1896208661787,0
"459","PP6",31,83,3.12863436023766,0,1,18.8662675246324,0
"460","PP6",31,82,9.13136524751984,0,1,3.58483043087087,0
"461","PP6",31,89,1.84632759299438,0,1,37.6167660419205,0
"462","PP6",31,86,1.06055341756619,0,1,33.1377243882761,0
"463","PP6",31,87,1.31605118216106,0,1,32.3473056655091,0
"464","PP6",31,88,0.53509719783739,0,1,39.0219559205565,0
"465","PP6",31,90,1.73930861842357,0,1,40.5588824603471,0
"466","PP6",32,94,3.0331088327418,0,1,22.460921058794,0
"467","PP6",32,92,2.5647395288596,0,1,17.1281847986957,0
"468","PP6",32,101,2.4502801727406,0,1,10.6929133404236,0
"469","PP6",32,91,2.3779933373618,0,1,10.5423551845127,0
"470","PP6",32,104,0.2596527338028,0,1,20.050048828125,0
"471","PP6",32,95,3.2484672718663,0,1,13.4602876680085,0
"472","PP6",32,105,0.2504885196686,0,1,13.031005859375,0
"473","PP6",32,103,2.3011874934945,0,1,26.1239206671028,0
"474","PP6",32,93,4.6957446275334,0,1,24.9762975175802,0
"475","PP6",32,97,2.9141335326437,0,1,13.3505234555026,0
"476","PP6",32,102,6.7243435337896,0,1,19.199609554638,0
"477","PP6",32,100,1.1641469873605,0,1,6.63165171534905,0
"478","PP6",32,99,1.9201655459457,0,1,13.8760639350093,0
"479","PP6",32,96,3.5120202473407,0,1,19.4972971095148,0
"480","PP6",32,98,2.0105263641334,0,1,8.55251920523312,0
"481","SG1",22,71,0.25048851966858,0,1,5.792236328125,0
"482","SG1",22,65,4.63831689251019,1,1,31.6289634073659,0
"483","SG1",22,70,0.25048851966858,0,1,16.070556640625,0
"484","SG1",22,67,0.25048851966858,0,1,13.48876953125,0
"485","SG1",22,62,1.0684342162247,0,1,15.2110474600992,0
"486","SG1",22,69,0.25048851966858,0,1,21.66748046875,0
"487","SG1",22,68,0.25048851966858,0,1,22.8515625,0
"488","SG1",22,60,2.80999909358883,0,1,10.6995055287005,0
"489","SG1",22,66,0.25048851966858,0,1,4.4677734375,1
"490","SG1",22,63,2.86099165159727,1,1,25.514807301727,0
"491","SG1",22,64,0.58418626410294,0,1,34.5137117123699,0
"492","SG1",22,61,8.72221997221566,1,1,0.0404444367094525,1
"493","SG1",22,59,3.08468711374309,1,1,10.6205506840116,0
"494","SG1",22,57,4.37007075786391,1,1,12.7662649966446,0
"495","SG1",22,58,2.1982831531514,1,1,6.1397965089691,0
"496","SG1",23,73,3.86005717347028,0,1,21.8629393581212,0
"497","SG1",23,74,4.17028723138234,0,1,42.562876444033,0
"498","SG1",23,75,2.0661815262252,0,1,12.430195172384,0
"499","SG1",23,72,2.75414998145169,1,1,2.45926735713359,1
"500","SG1",23,76,1.7278857244314,1,1,11.9100586216189,0
"501","SG1",24,77,2.48589801072201,1,1,23.8748977229288,0
"502","SG1",24,79,4.38524016515817,1,1,-0.0480899298481857,1
"503","SG1",24,78,9.22971455875705,1,1,8.04984402240981,0
"504","SG1",25,84,0.25048851966858,0,1,19.830322265625,0
"505","SG1",25,83,10.2194944391986,0,1,21.1460429450995,0
"506","SG1",25,81,13.0196715597764,0,1,0.228213850610558,1
"507","SG1",25,80,2.99368070544024,1,1,37.3054118895478,0
"508","SG1",25,85,0.25048851966858,0,1,22.57080078125,0
"509","SG1",25,82,9.64760272494373,1,1,-0.020340677535529,1
"510","SG1",26,86,0.24743378162384,0,1,17.27294921875,0
"511","SG1",27,88,0.25048851966858,0,1,19.25048828125,0
"512","SG1",27,87,0.24132430553436,0,1,9.149169921875,0
"513","SG1",27,89,0.25048851966858,0,1,39.947509765625,0
"514","SG1",29,94,0.25048851966858,0,1,9.271240234375,0
"515","SG1",29,90,4.52971466275682,1,1,3.795690810577,0
"516","SG1",29,93,0.25048851966858,1,1,12.26806640625,0
"517","SG1",29,92,0.25048851966858,0,1,30.96923828125,0
"518","SG1",29,91,0.25048851966858,0,1,30.96923828125,0
"519","SG1",30,95,2.16477731478937,0,1,27.137235085553,0
"520","SG1",30,96,4.97267985379051,1,1,39.4202403093984,0
"521","SG1",31,103,0.25048851966858,1,1,1.8310546875,1
"522","SG1",31,101,0.25048851966858,0,1,21.47216796875,0
"523","SG1",31,98,0.25048851966858,0,1,7.708740234375,0
"524","SG1",31,97,0.25048851966858,0,1,6.732177734375,0
"525","SG1",31,100,0.24743378162384,0,1,23.01025390625,0
"526","SG1",31,99,0.25048851966858,0,1,43.6279296875,0
"527","SG1",31,102,0.24743378162384,1,1,7.53173828125,0
"528","SG1",32,106,4.24335498721448,0,1,1.39451687762325,1
"529","SG1",32,105,2.21037041928008,0,1,44.2710821064436,0
"530","SG1",32,104,7.12513799330788,1,1,18.213236689796,0
"531","SG1",33,111,0.2596527338028,0,1,3.350830078125,1
"532","SG1",33,110,0.25048851966858,0,1,9.490966796875,0
"533","SG1",33,109,0.25048851966858,0,1,4.18701171875,1
"534","SG1",33,108,0.25048851966858,0,1,3.411865234375,1
"535","SG1",33,107,0.25048851966858,0,1,33.72802734375,0
"536","SG10",23,60,0.25048851966858,0,1,16.46728515625,0
"537","SG10",23,57,1.00512811159221,0,1,6.49596041212554,0
"538","SG10",23,56,1.7629644247669,0,1,6.32649732104798,0
"539","SG10",23,59,0.9205702191177,0,1,4.67023425308064,0
"540","SG10",23,58,3.05048613958733,0,1,21.6347243182695,0
"541","SG10",25,61,4.34538526808331,1,1,-1.21165740551987e-07,1
"542","SG10",26,62,4.923813687536,1,1,-0.120181346070638,1
"543","SG10",27,63,0.25048851966858,0,1,21.44775390625,0
"544","SG10",27,64,0.2596527338028,0,1,14.17236328125,0
"545","SG10",29,71,0.25048851966858,0,1,28.55224609375,0
"546","SG10",29,76,0.24743378162384,0,1,8.41064453125,0
"547","SG10",29,72,0.24743378162384,0,1,22.8271484375,0
"548","SG10",29,69,0.25048851966858,0,1,34.72900390625,0
"549","SG10",29,74,0.25048851966858,0,1,20.91064453125,0
"550","SG10",29,67,0.25048851966858,0,1,26.11083984375,0
"551","SG10",29,70,0.25048851966858,1,1,25.830078125,0
"552","SG10",29,68,0.25048851966858,0,1,40.05126953125,0
"553","SG10",29,77,0.25048851966858,1,1,0.98876953125,1
"554","SG10",29,65,2.9582216490589,1,1,-1.71660573755616e-07,1
"555","SG10",29,66,0.25048851966858,0,1,29.6875,0
"556","SG10",29,73,0.25048851966858,1,1,13.4521484375,0
"557","SG10",29,75,0.24743378162384,1,1,18.792724609375,0
"558","SG10",30,78,5.6025094545715,1,1,21.3321093094383,0
"559","SG10",30,79,4.6338832744315,1,1,5.15746705984931,0
"560","SG10",31,81,0.25048851966858,0,1,31.671142578125,0
"561","SG10",31,83,0.25048851966858,1,1,1.348876953125,1
"562","SG10",31,82,0.25048851966858,0,1,24.151611328125,0
"563","SG10",31,80,0.72757230293912,1,1,2.09799068784378e-07,1
"564","SG10",32,84,2.2065685656571,0,1,30.3993627524015,0
"565","SG11",22,84,0.13813516447174,1,1,-9.97053462015174e-09,1
"566","SG11",22,81,1.08990628309707,0,1,10.5848820673823,0
"567","SG11",22,82,1.0056923781723,0,1,6.71488403311517,0
"568","SG11",22,80,3.11748745912893,1,1,14.2272335510393,0
"569","SG11",22,83,1.31825187436952,1,1,4.72297293340275,0
"570","SG11",22,79,2.33204136089876,1,1,15.4223803888373,0
"571","SG11",23,88,0.65207361220411,1,1,23.3076184928819,0
"572","SG11",23,87,0.6126523916128,0,1,30.0707841693396,0
"573","SG11",23,86,3.19062060067275,1,1,-1.75684704117884e-07,1
"574","SG11",23,85,1.58830003156054,1,1,3.13275050037562,1
"575","SG11",24,91,2.09628414019952,1,1,-1.048783957458e-07,1
"576","SG11",24,90,3.78294660453381,1,1,25.344182833096,0
"577","SG11",24,92,1.03097025683682,1,1,-0.04241545620709,1
"578","SG11",24,89,2.20616305418168,1,1,-1.048783957458e-07,1
"579","SG11",24,93,2.19984715615282,0,1,1.97046546579949,1
"580","SG11",26,94,19.0612751267512,0,1,37.8175039439363,0
"581","SG11",27,95,0.25048851966858,1,1,24.70703125,0
"582","SG11",28,97,0.25048851966858,0,1,27.30712890625,0
"583","SG11",28,96,0.25048851966858,0,1,15.447998046875,0
"584","SG11",30,99,2.78030332304757,1,1,31.3358760841908,0
"585","SG11",30,100,0.25048851966858,0,1,29.852294921875,0
"586","SG11",30,98,3.54362668270902,1,1,-0.0370647723025391,1
"587","SG11",31,101,0.25048851966858,0,1,18.02978515625,0
"588","SG11",31,102,0.25048851966858,0,1,39.58740234375,0
"589","SG11",32,103,2.13176484707514,0,1,32.6330729529668,0
"590","SG11",32,104,5.19469418194744,0,1,6.24272711920015,0
"591","SG11",32,105,0.25048851966858,0,1,24.10888671875,0
"592","SG11",33,107,0.25048851966858,0,1,16.668701171875,0
"593","SG11",33,108,0.25048851966858,0,1,14.727783203125,0
"594","SG11",33,106,0.24743378162384,0,1,13.592529296875,0
"595","SG13",22,128,2.43606360509833,1,1,22.8872388159624,0
"596","SG13",22,116,3.32583304483391,1,1,11.2727363863833,0
"597","SG13",22,129,3.36384231060949,1,1,24.217340259613,0
"598","SG13",22,115,1.21198530283018,0,1,9.9010690362515,0
"599","SG13",22,131,2.11039087807614,0,1,25.4643107801539,0
"600","SG13",22,140,2.47321026615207,1,1,8.96980567249315,0
"601","SG13",22,138,1.40289657587711,1,1,15.4956165060818,0
"602","SG13",22,130,3.83291424531275,0,1,23.8016834194327,0
"603","SG13",22,136,2.93623466549079,0,1,29.9534033193222,0
"604","SG13",22,137,2.54491030921686,0,1,15.5787474291915,0
"605","SG13",22,113,3.67742134468107,0,1,5.82763333726351,0
"606","SG13",22,154,0.25048851966858,0,1,8.2275390625,0
"607","SG13",22,155,0.25048851966858,0,1,4.4677734375,1
"608","SG13",22,156,0.25048851966858,0,1,11.26708984375,0
"609","SG13",22,110,1.80977019447353,0,1,2.46081359919255,1
"610","SG13",22,111,5.19175386285373,1,1,1.04758078750584,1
"611","SG13",22,139,1.43745057742595,1,1,10.7571298628053,0
"612","SG13",22,109,1.50483093916379,1,1,5.66137060119138,0
"613","SG13",22,114,0.92153780924525,0,1,-7.95546384324552e-09,1
"614","SG13",22,127,3.84932675038825,0,1,22.1558752639258,0
"615","SG13",22,166,0.25048851966858,0,1,2.99072265625,1
"616","SG13",22,153,0.22955238819122,0,1,5.6884765625,0
"617","SG13",22,142,0.25048851966858,0,1,4.071044921875,1
"618","SG13",22,132,1.37179825466174,0,1,12.1632954537948,0
"619","SG13",22,145,0.25048851966858,0,1,14.58740234375,0
"620","SG13",22,141,1.33378827688053,1,1,25.7623375665141,0
"621","SG13",22,135,6.6555530816099,1,1,27.791988195311,0
"622","SG13",22,148,0.23826956748962,0,1,42.96875,0
"623","SG13",22,149,0.26915222406387,0,1,44.952392578125,0
"624","SG13",22,150,0.24132430553436,0,1,27.691650390625,0
"625","SG13",22,151,0.25048851966858,0,1,7.3486328125,0
"626","SG13",22,112,2.90772678879228,0,1,-0.0746915686651732,1
"627","SG13",22,152,0.25048851966858,0,1,4.107666015625,1
"628","SG13",22,165,0.25048851966858,0,1,3.912353515625,1
"629","SG13",22,164,0.25048851966858,0,1,9.38720703125,0
"630","SG13",22,134,2.04128316162982,0,1,15.0728924452043,0
"631","SG13",22,147,0.25048851966858,0,1,46.331787109375,0
"632","SG13",22,117,2.8602153109722,0,1,10.2751604148769,0
"633","SG13",22,133,1.40721463900884,0,1,16.9849134651074,0
"634","SG13",22,121,2.51467388071733,1,1,32.4296635450553,0
"635","SG13",22,122,1.08759034429306,0,1,22.6201652312845,0
"636","SG13",22,119,0.99083831328939,0,1,18.712991378516,0
"637","SG13",22,120,3.60226465036523,1,1,32.2634008089832,0
"638","SG13",22,161,0.24743378162384,0,1,12.152099609375,0
"639","SG13",22,146,0.2596527338028,0,1,44.952392578125,0
"640","SG13",22,126,3.64113921168974,0,1,38.491183966359,0
"641","SG13",22,125,2.02659847360395,0,1,33.1292122852752,0
"642","SG13",22,144,0.25048851966858,0,1,10.888671875,0
"643","SG13",22,158,0.25048851966858,0,1,16.24755859375,0
"644","SG13",22,159,0.25048851966858,0,1,0.689697265625,1
"645","SG13",22,143,0.25048851966858,0,1,6.591796875,0
"646","SG13",22,163,0.24132430553436,0,1,-0.01220703125,1
"647","SG13",22,157,0.25048851966858,0,1,21.4111328125,0
"648","SG13",22,118,1.72856880357038,1,1,20.5418814753093,0
"649","SG13",22,124,3.85019108426751,1,1,19.5690522050698,0
"650","SG13",22,123,3.46577762632017,0,1,12.5028881466362,0
"651","SG13",22,162,0.24743378162384,0,1,1.23291015625,1
"652","SG13",22,160,0.25048851966858,0,1,2.349853515625,1
"653","SG13",24,174,2.72869414084166,1,1,2.83866066761725,1
"654","SG13",24,175,8.26264279295558,1,1,12.6638019529729,0
"655","SG13",24,168,0.51994491392491,1,1,-0.0748892420315561,1
"656","SG13",24,177,4.43611502926121,1,1,25.8354170813629,0
"657","SG13",24,173,1.17150384360839,0,1,11.0623730653453,0
"658","SG13",24,176,1.26828622202089,0,1,31.4762156846144,0
"659","SG13",24,169,1.2625093424687,0,1,8.47132221326433,0
"660","SG13",24,179,2.00932520256194,1,1,3.69051902053768,0
"661","SG13",24,178,2.47445904347087,0,1,5.14176233249835,0
"662","SG13",24,170,2.49323794359743,1,1,19.2323356942997,0
"663","SG13",24,167,4.33904107244762,0,1,-0.0199161779796242,1
"664","SG13",24,171,1.00827339612662,0,1,22.3387589974406,0
"665","SG13",24,172,1.56007960989529,0,1,28.1437309105043,0
"666","SG13",25,181,1.03939529938321,0,1,26.5345756406692,0
"667","SG13",25,180,6.51046698441635,1,1,12.5498447109811,0
"668","SG13",25,184,0.25048851966858,0,1,23.10791015625,0
"669","SG13",25,182,0.25048851966858,1,1,13.629150390625,0
"670","SG13",25,183,0.25048851966858,0,1,20.947265625,0
"671","SG13",26,187,0.25048851966858,0,1,24.70703125,0
"672","SG13",26,188,0.25048851966858,0,1,10.72998046875,0
"673","SG13",26,186,1.09341077599671,1,1,-0.0259817713754558,1
"674","SG13",26,185,2.13587071168227,1,1,1.4589109298413e-07,1
"675","SG13",29,190,0.25048851966858,1,1,0.42724609375,1
"676","SG13",29,189,3.03345852902346,0,1,22.5660936782431,0
"677","SG13",30,192,7.57527207565081,1,1,20.0652880924471,0
"678","SG13",30,191,1.22744664667352,1,1,1.57630424268973e-07,1
"679","SG13",31,195,2.76201828300482,0,1,23.53858263811,0
"680","SG13",31,194,4.59408242415907,1,1,26.2829651398526,0
"681","SG13",31,196,0.25048851966858,0,1,4.290771484375,1
"682","SG13",31,193,0.86968310842337,1,1,-1.7581989197879e-07,1
"683","SG13",32,197,6.51663734903031,0,1,-8.77825589995496e-10,1
"684","SG13",32,198,0.25048851966858,0,1,2.86865234375,1
"685","SG13",33,199,0.250488519668579,0,1,16.68701171875,0
"686","SG13",33,200,0.250488519668579,0,1,14.27001953125,0
"687","SG14",22,7,11.4750457902599,0,1,22.3117882287167,0
"688","SG14",22,8,1.36746787964823,0,1,6.07857142936158,0
"689","SG14",22,6,1.8662542238333,1,1,-0.0123657787872267,1
"690","SG14",22,5,1.16307688765347,0,1,1.83248204532787,1
"691","SG14",22,4,5.42190304779262,0,1,-2.13224595313477e-07,1
"692","SG14",23,18,1.31885445348191,0,1,6.70683218749308,0
"693","SG14",23,17,3.37839482165977,0,1,5.25332998461587,0
"694","SG14",23,15,1.67122804900167,0,1,12.4119557111484,0
"695","SG14",23,10,1.75795241884095,0,1,6.19192092772778,0
"696","SG14",23,20,0.25048851966858,0,1,25.531005859375,0
"697","SG14",23,16,3.94396343332595,1,1,1.6211190256854e-07,1
"698","SG14",23,19,0.24743378162384,0,1,19.15283203125,0
"699","SG14",23,14,5.39105685697037,0,1,17.0519819399544,0
"700","SG14",23,21,0.25048851966858,0,1,34.130859375,0
"701","SG14",23,11,1.07977415245606,0,1,13.6830470153565,0
"702","SG14",23,9,3.39714782628135,0,1,9.1018482496395,0
"703","SG14",23,13,3.11431291887524,0,1,28.5005120253866,0
"704","SG14",23,12,3.14868935644513,0,1,28.8918398495717,0
"705","SG14",24,26,0.25048851966858,0,1,10.052490234375,0
"706","SG14",24,25,3.30214193027089,1,1,-0.0156370575836888,1
"707","SG14",24,23,2.7767410440017,1,1,-0.119207502404114,1
"708","SG14",24,27,0.25048851966858,0,1,6.97021484375,0
"709","SG14",24,24,1.24537511122678,1,1,4.84346994877051,0
"710","SG14",24,22,2.62896349209604,1,1,19.0441549853674,0
"711","SG14",28,28,0.2504885196686,0,1,4.168701171875,1
"712","SG14",29,29,4.78164397363588,1,1,1.95568329141663,1
"713","SG14",31,32,0.24743378162384,0,1,8.31298828125,0
"714","SG14",31,31,0.25048851966858,1,1,14.17236328125,0
"715","SG14",31,30,2.46044924150338,0,1,25.8982812187099,0
"716","SG14",33,36,0.250488519668579,0,1,1.9287109375,1
"717","SG14",33,34,3.27205147409107,0,1,23.8064729025868,0
"718","SG14",33,33,2.05184892185695,0,1,5.58793073251682,0
"719","SG14",33,35,0.250488519668579,0,1,18.81103515625,0
"720","SG15",22,38,2.30466658486467,0,1,10.4627888571254,0
"721","SG15",22,40,4.57972329721492,0,1,22.0847728561044,0
"722","SG15",22,41,6.01811037292392,1,1,18.776732379865,0
"723","SG15",22,39,1.08022238922839,0,1,15.3141479681653,0
"724","SG15",23,43,3.51211827588811,1,1,20.6557438930685,0
"725","SG15",23,42,2.37498384659642,0,1,4.41591948189154,0
"726","SG15",23,45,1.142006298607,0,1,6.86184631043831,0
"727","SG15",23,44,2.2287803554621,0,1,8.85683185100818,0
"728","SG15",24,47,0.250488519668579,0,1,17.08984375,0
"729","SG15",24,46,2.5426150492103,1,1,17.0999967828069,0
"730","SG15",28,48,1.99701629227518,0,1,-1.72867209435879e-07,1
"731","SG15",31,49,4.3472933956161,1,1,0.0191917697350025,1
"732","SG15",32,51,0.23838132619858,0,1,12.432861328125,0
"733","SG15",32,53,0.25048851966858,0,1,23.529052734375,0
"734","SG15",32,52,0.25048851966858,0,1,36.810302734375,0
"735","SG15",32,50,0.87485384913257,0,1,10.5080361938638,0
"736","SG15",33,57,0.25048851966858,0,1,21.771240234375,0
"737","SG15",33,54,1.56400369262567,0,1,21.4454373698775,0
"738","SG15",33,56,0.25048851966858,0,1,28.96728515625,0
"739","SG15",33,55,0.25048851966858,0,1,27.587890625,0
"740","SG16",22,82,0.25048851966858,0,1,31.512451171875,0
"741","SG16",23,83,4.68835855051125,1,1,2.89296824485762,0
"742","SG16",24,84,1.73779591879558,1,1,44.6908435056682,0
"743","SG16",25,85,4.45452719674264,1,1,39.7710847860689,0
"744","SG16",28,86,0.25048851966858,0,1,10.150146484375,0
"745","SG16",29,89,2.23815536671773,0,1,3.01887470735346,1
"746","SG16",29,90,0.25048851966858,1,1,5.169677734375,0
"747","SG16",29,87,4.0260570684842,1,1,25.9274042204049,0
"748","SG16",29,88,5.72497037078997,1,1,9.20487525355445,0
"749","SG16",31,95,0.24743378162384,0,1,13.531494140625,0
"750","SG16",31,94,2.56484587672265,0,1,8.92596817296103,0
"751","SG16",31,91,4.75847383530931,1,1,-0.0236609564116463,1
"752","SG16",31,93,3.77203121083864,1,1,11.2797018080797,0
"753","SG16",31,92,4.58388478378154,1,1,7.35681182298014,0
"754","SG16",32,97,7.14365441653614,0,1,-0.0838594832670764,1
"755","SG16",32,96,1.04053149775526,0,1,15.1265138380913,0
"756","SG16",32,98,0.25048851966858,0,1,18.988037109375,0
"757","SG16",33,100,0.250488519668579,0,1,23.712158203125,0
"758","SG16",33,99,1.98156673405629,0,1,10.4864438097487,0
"759","SG16",33,102,0.250488519668579,0,1,37.51220703125,0
"760","SG16",33,101,0.250488519668579,0,1,35.150146484375,0
"761","SG17",22,241,5.04025001997776,1,1,5.00391761833143,0
"762","SG17",22,248,3.35899993422182,1,1,31.7308388080413,0
"763","SG17",22,237,6.78976774457163,0,1,17.0180091901243,0
"764","SG17",22,236,4.77156634888351,1,1,10.951546071292,0
"765","SG17",22,240,5.95570466003588,1,1,4.66921645649211,0
"766","SG17",22,264,0.25048851966858,0,1,1.4892578125,1
"767","SG17",22,238,2.15823258273933,0,1,6.67742431738063,0
"768","SG17",22,239,2.798874115672,0,1,8.85298409396775,0
"769","SG17",22,255,1.67249927845987,0,1,14.9606095501163,0
"770","SG17",22,234,4.77244096145392,1,1,2.79319957864823,0
"771","SG17",22,252,2.6964763524308,0,1,7.72336689413901,0
"772","SG17",22,254,2.39891170291413,0,1,14.1663675964932,0
"773","SG17",22,251,3.38263108722591,0,1,24.123734502497,0
"774","SG17",22,262,0.25048851966858,0,1,31.610107421875,0
"775","SG17",22,249,2.10659638552642,1,1,23.8727088535806,0
"776","SG17",22,250,2.24049999801586,0,1,27.5125869918358,0
"777","SG17",22,227,3.05793205975782,0,1,12.2485142969667,0
"778","SG17",22,228,2.2588811952991,1,1,9.86376662792479,0
"779","SG17",22,263,0.25048851966858,0,1,9.991455078125,0
"780","SG17",22,226,8.44125956812928,1,1,1.07785556806385,1
"781","SG17",22,244,2.98004127204515,1,1,17.0943311253157,0
"782","SG17",22,235,5.41395894981023,1,1,7.47901895888283,0
"783","SG17",22,246,3.08331270781534,0,1,7.80636787776944,0
"784","SG17",22,247,6.79589356935386,1,1,39.359327982709,0
"785","SG17",22,259,0.91107831032923,0,1,42.7826637609251,0
"786","SG17",22,260,0.25048851966858,0,1,6.048583984375,0
"787","SG17",22,261,0.24743378162384,0,1,36.85302734375,0
"788","SG17",22,229,2.04008046619769,1,1,4.09016780432295,0
"789","SG17",22,265,0.25048851966858,0,1,5.731201171875,0
"790","SG17",22,266,0.24132430553436,0,1,2.83203125,1
"791","SG17",22,253,1.44275966096434,0,1,10.7356791303981,0
"792","SG17",22,232,3.02875392898418,1,1,2.06219837650679e-07,1
"793","SG17",22,230,4.72517976301983,1,1,11.9974877581978,0
"794","SG17",22,243,8.3808717445729,1,1,21.9548551091279,0
"795","SG17",22,245,0.9277074995764,0,1,13.1197518252212,0
"796","SG17",22,267,0.25048851966858,1,1,1.11083984375,1
"797","SG17",22,233,3.68019775643522,1,1,7.43718164734766,0
"798","SG17",22,256,2.31051567996083,0,1,16.8784632945691,0
"799","SG17",22,257,0.71941130301214,1,1,8.47644384088798,0
"800","SG17",22,242,3.58480150089093,0,1,24.20673637598,0
"801","SG17",22,231,2.51968774093331,0,1,11.5791110834355,0
"802","SG17",22,258,2.93102905215346,1,1,7.80704151720936,0
"803","SG17",23,277,7.56534152133995,0,1,28.1271599344447,0
"804","SG17",23,279,2.23877859417983,1,1,13.6608355872818,0
"805","SG17",23,268,1.41605151443317,0,1,9.15658760753444,0
"806","SG17",23,276,2.41784581268635,0,1,22.8540135963356,0
"807","SG17",23,274,1.95904216587866,0,1,36.7803877373064,0
"808","SG17",23,278,2.77954010471105,0,1,34.8084824728128,0
"809","SG17",23,280,2.62274764623383,1,1,1.08199618503326,1
"810","SG17",23,275,2.59067616937632,0,1,36.1894352669457,0
"811","SG17",23,269,2.49802322773952,0,1,11.0349713079433,0
"812","SG17",23,285,0.24743378162384,0,1,5.133056640625,0
"813","SG17",23,271,2.85437650241489,0,1,-0.0242774260034412,1
"814","SG17",23,283,0.25048851966858,0,1,38.909912109375,0
"815","SG17",23,273,3.34435940629278,1,1,9.72643410814764,0
"816","SG17",23,281,1.29533777480613,0,1,27.2105255718929,0
"817","SG17",23,270,2.50421244018991,0,1,-2.14611911575346e-08,1
"818","SG17",23,286,0.25048851966858,0,1,7.611083984375,0
"819","SG17",23,272,3.91274061937406,1,1,14.580684350402,0
"820","SG17",23,282,0.25048851966858,0,1,3.607177734375,1
"821","SG17",23,284,0.25048851966858,0,1,15.228271484375,0
"822","SG17",24,302,0.250488519668579,0,1,25.2685546875,0
"823","SG17",24,292,4.35887468774782,1,1,15.9900197856221,0
"824","SG17",24,299,0.542810761831474,0,1,26.397204974503,0
"825","SG17",24,291,2.02758542529049,1,1,5.97804343522759,0
"826","SG17",24,294,6.21773620191115,1,1,2.06986057171734,0
"827","SG17",24,293,1.45777853758001,1,1,13.7944111842191,0
"828","SG17",24,290,1.91285277926865,1,1,9.88622727073798,0
"829","SG17",24,301,1.31424779669415,0,1,0.0938115359915059,1
"830","SG17",24,295,2.30140048658277,1,1,6.4171662164936,0
"831","SG17",24,300,0.759741790796906,1,1,3.21157664873493,1
"832","SG17",24,303,0.250488519668579,1,1,4.632568359375,0
"833","SG17",24,288,0.768937938747276,1,1,1.60794730308389e-07,1
"834","SG17",24,297,2.59931951220099,1,1,34.8722558864964,0
"835","SG17",24,298,0.548595514766898,1,1,18.0538920153781,0
"836","SG17",24,289,3.91922859977573,1,1,12.7844310339221,0
"837","SG17",24,287,3.70325910430044,0,1,4.0898211612961,0
"838","SG17",24,296,3.44776312251898,0,1,28.6806389207739,0
"839","SG17",25,304,1.06242937760826,1,1,6.89448877832744,0
"840","SG17",25,305,1.04009363795115,0,1,7.37927426546337,0
"841","SG17",25,306,4.35751758369208,0,1,6.14527557172407,0
"842","SG17",25,310,2.27538549018735,1,1,40.6993372093981,0
"843","SG17",25,307,3.32227852380735,1,1,1.26079604880846,1
"844","SG17",25,309,5.45879131158532,1,1,23.7371904672044,0
"845","SG17",25,308,1.57422168047815,1,1,22.3269066271534,0
"846","SG17",26,318,0.25048851966858,0,1,8.709716796875,0
"847","SG17",26,316,2.19251137036372,0,1,3.72646912401818,0
"848","SG17",26,311,5.0830795173003,0,1,-0.0181440934402394,1
"849","SG17",26,317,0.25048851966858,0,1,14.569091796875,0
"850","SG17",26,313,7.74405320147483,1,1,4.0141710703109,0
"851","SG17",26,314,4.25061077256106,1,1,17.0599889874658,0
"852","SG17",26,312,3.7823371870256,0,1,17.6702758621058,0
"853","SG17",26,315,3.40655897910643,0,1,14.3180148718827,0
"854","SG17",27,319,1.09970239250175,1,1,-0.049832559495627,1
"855","SG17",27,325,0.25048851966858,0,1,15.33203125,0
"856","SG17",27,320,1.89312809218583,1,1,36.8720767254992,0
"857","SG17",27,324,0.25048851966858,0,1,32.110595703125,0
"858","SG17",27,322,0.24743378162384,1,1,40.972900390625,0
"859","SG17",27,321,6.99795169991557,1,1,40.5375467421043,0
"860","SG17",27,323,0.25048851966858,0,1,16.71142578125,0
"861","SG17",28,328,0.25048851966858,0,1,38.427734375,0
"862","SG17",28,327,0.25048851966858,1,1,2.508544921875,1
"863","SG17",28,326,8.06371385193811,1,1,1.68392003119244e-07,1
"864","SG17",28,329,0.25048851966858,0,1,5.511474609375,0
"865","SG17",29,340,0.25048851966858,0,1,21.868896484375,0
"866","SG17",29,330,4.0778156085349,1,1,37.5537687144485,0
"867","SG17",29,335,0.25048851966858,0,1,14.349365234375,0
"868","SG17",29,333,0.2596527338028,0,1,12.548828125,0
"869","SG17",29,332,0.23826956748962,0,1,10.491943359375,0
"870","SG17",29,337,0.25048851966858,0,1,30.548095703125,0
"871","SG17",29,339,0.25048851966858,0,1,40.05126953125,0
"872","SG17",29,338,0.25048851966858,0,1,26.11083984375,0
"873","SG17",29,331,3.53050149683851,1,1,8.52183289295519,0
"874","SG17",29,336,0.25048851966858,0,1,36.26708984375,0
"875","SG17",29,334,0.25048851966858,0,1,14.17236328125,0
"876","SG17",30,341,0.25048851966858,0,1,3.74755859375,1
"877","SG17",31,345,0.25048851966858,0,1,9.490966796875,0
"878","SG17",31,344,0.25048851966858,0,1,20.5078125,0
"879","SG17",31,343,0.25048851966858,0,1,20.751953125,0
"880","SG17",31,342,0.25048851966858,0,1,17.68798828125,0
"881","SG17",32,351,7.92327047840505,0,1,38.8533567906525,0
"882","SG17",32,346,0.71609074826844,0,1,6.71377485891523,0
"883","SG17",32,348,2.89102022070741,0,1,7.05668911212018,0
"884","SG17",32,353,0.25048851966858,0,1,2.288818359375,1
"885","SG17",32,352,1.25628446734082,0,1,19.9927372686214,0
"886","SG17",32,350,5.27554234852223,0,1,44.1606664992467,0
"887","SG17",32,347,0.69216617704697,0,1,13.2978374222245,0
"888","SG17",32,349,2.24936004895985,0,1,46.0546823456766,0
"889","SG17",33,355,0.24743378162384,0,1,3.887939453125,1
"890","SG17",33,359,0.250488519668579,0,1,7.928466796875,0
"891","SG17",33,358,0.250488519668579,0,1,25.2685546875,0
"892","SG17",33,357,0.250488519668579,0,1,10.60791015625,0
"893","SG17",33,362,0.250488519668579,0,1,36.212158203125,0
"894","SG17",33,361,0.250488519668579,0,1,12.01171875,0
"895","SG17",33,354,1.88005018130565,0,1,-0.140478326273913,1
"896","SG17",33,360,0.250488519668579,0,1,39.910888671875,0
"897","SG17",33,356,0.250488519668579,0,1,5.487060546875,0
"898","SG20",22,59,3.71004349681067,1,1,17.1561162101474,0
"899","SG20",23,62,5.1234725302915,0,1,20.1723569529397,0
"900","SG20",23,61,7.95674130480088,0,1,-1.80851316144981e-07,1
"901","SG20",23,60,2.39531656253958,0,1,6.83845459236123,0
"902","SG20",27,65,3.39478117991159,0,1,4.17617730715915,0
"903","SG20",30,66,10.1535644800321,1,1,8.07790638133167,0
"904","SG20",30,67,4.48602967131176,1,1,4.29687269912972,0
"905","SG20",31,68,2.60865491378964,0,1,24.875996148348,0
"906","SG8",22,64,3.02422671433158,1,1,0.165125840833269,1
"907","SG8",22,67,1.58753292292041,0,1,26.1002662238643,0
"908","SG8",22,66,3.75328065742118,1,1,26.3160332417835,0
"909","SG8",22,69,4.52795973361323,0,1,0.294585161732186,1
"910","SG8",22,68,2.17971438510722,0,1,12.5962668929628,0
"911","SG8",22,70,0.25048851966858,0,1,10.028076171875,0
"912","SG8",22,65,1.62198305937408,1,1,0.33773856531603,1
"913","SG8",23,71,0.56771420737092,1,1,0.64306690533391,1
"914","SG8",23,72,1.54627418254621,0,1,16.1202730561736,0
"915","SG8",24,73,1.12634917580931,1,1,-2.47033540290431e-08,1
"916","SG8",24,75,2.90081603607927,0,1,15.9745130322655,0
"917","SG8",24,74,2.70559504287738,1,1,-2.47033540290431e-08,1
"918","SG8",25,76,0.59941748200604,1,1,26.029856401272,0
"919","SG8",26,77,1.72368283945568,0,1,2.09303593123877e-07,1
"920","SG8",26,80,0.25048851966858,0,1,5.65185546875,0
"921","SG8",26,79,0.25048851966858,0,1,31.109619140625,0
"922","SG8",26,78,9.44639197983565,0,1,14.7198308812039,0
"923","SG8",27,82,0.24132430553436,0,1,12.451171875,0
"924","SG8",27,81,0.25048851966858,0,1,2.008056640625,1
"925","SG8",28,84,3.02553664509916,1,1,26.4915158834935,0
"926","SG8",28,85,0.25048851966858,1,1,22.930908203125,0
"927","SG8",28,83,5.62332977406053,0,1,14.2880959649296,0
"928","SG8",30,86,2.24028278817294,0,1,6.26301862729078,0
"929","SG8",31,89,0.25048851966858,0,1,21.307373046875,0
"930","SG8",31,88,0.25048851966858,0,1,3.02734375,1
"931","SG8",31,87,9.23797337465754,1,1,12.0739187721914,0
"932","SG8",32,90,0.823625937998,0,1,7.46427674204678,0
"933","SG8",32,91,2.11977254901158,0,1,8.77698670875695,0
"934","SG8",33,96,3.13337631643251,0,1,8.47913376209164,0
"935","SG8",33,98,0.25048851966858,0,1,8.50830078125,0
"936","SG8",33,94,1.75579412640679,0,1,25.7655187416096,0
"937","SG8",33,95,1.03111601341497,0,1,8.40552564504459,0
"938","SG8",33,97,0.25048851966858,0,1,1.611328125,1
"939","SG8",33,93,0.84476870408642,0,1,4.43338493802081,0
"940","SG8",33,92,3.99470860395332,0,1,9.508912213795,0
"941","SG9",22,127,3.81881303906394,0,1,6.82080310290178,0
"942","SG9",22,125,3.43487660732994,1,1,1.69216635540391,1
"943","SG9",22,135,0.25048851966858,0,1,3.21044921875,1
"944","SG9",22,129,4.38397545620987,0,1,10.2175642470223,0
"945","SG9",22,124,1.21813457223941,0,1,13.2611613878533,0
"946","SG9",22,126,3.43767900148119,1,1,3.18999701227084,0
"947","SG9",22,128,1.07707825883842,1,1,45.2036092661792,0
"948","SG9",22,133,3.18172285473567,1,1,21.297882021832,0
"949","SG9",22,136,0.25048851966858,0,1,21.25244140625,0
"950","SG9",22,123,1.09108899878311,1,1,25.6052653179458,0
"951","SG9",22,122,2.48951705651807,1,1,17.0037121475105,0
"952","SG9",22,131,1.10043090238568,0,1,13.7337030371229,0
"953","SG9",22,132,1.45167256580839,0,1,21.427554017511,0
"954","SG9",22,134,1.64504186817049,1,1,2.36582226416172,1
"955","SG9",22,130,2.76041845281035,0,1,11.5725090414917,0
"956","SG9",22,137,0.25048851966858,1,1,24.249267578125,0
"957","SG9",23,141,4.78058489999041,0,1,27.7488766258629,0
"958","SG9",23,142,0.25048851966858,0,1,8.85009765625,0
"959","SG9",23,139,1.09395736892532,0,1,21.0178627494026,0
"960","SG9",23,138,3.4644396903154,0,1,14.9872809219565,0
"961","SG9",23,140,4.9744712568125,1,1,4.89774088096996,0
"962","SG9",24,143,4.93777135926149,1,1,2.68721633913771,0
"963","SG9",24,144,4.53506992540007,1,1,20.6862331283185,0
"964","SG9",24,149,1.26583602774578,1,1,3.98654260098108,0
"965","SG9",24,146,0.66610251672689,0,1,-0.09681673460382,1
"966","SG9",24,150,0.25048851966858,0,1,3.509521484375,1
"967","SG9",24,145,2.57930441485766,1,1,15.1064155576666,0
"968","SG9",24,148,2.46239119675366,1,1,15.6376694279211,0
"969","SG9",24,147,7.50119918158371,0,1,29.6607832612113,0
"970","SG9",25,152,2.6266138614326,1,1,3.98117335656008,0
"971","SG9",25,151,2.53644326382442,0,1,18.8666740793345,0
"972","SG9",26,154,0.24743378162384,0,1,10.552978515625,0
"973","SG9",26,156,0.25048851966858,0,1,36.4501953125,0
"974","SG9",26,157,0.25048851966858,0,1,15.1123046875,0
"975","SG9",26,155,0.25048851966858,0,1,2.6123046875,1
"976","SG9",26,153,0.2596527338028,0,1,1.9287109375,1
"977","SG9",26,158,0.25048851966858,0,1,5.2490234375,0
"978","SG9",27,160,0.25048851966858,0,1,2.508544921875,1
"979","SG9",27,159,4.66107143557561,1,1,0.748055722266599,1
"980","SG9",27,161,0.25048851966858,0,1,33.75244140625,0
"981","SG9",28,164,0.25048851966858,0,1,5.18798828125,0
"982","SG9",28,163,0.25048851966858,0,1,2.99072265625,1
"983","SG9",28,162,2.05149131249592,1,1,-0.0612219324206791,1
"984","SG9",29,169,2.71540603956846,1,1,-5.50458179038316e-08,1
"985","SG9",29,181,0.25048851966858,1,1,-0.01220703125,1
"986","SG9",29,180,0.25048851966858,0,1,2.569580078125,1
"987","SG9",29,176,0.25048851966858,1,1,27.42919921875,0
"988","SG9",29,167,2.0137454854063,1,1,3.58253523517978,1
"989","SG9",29,171,0.25048851966858,1,1,13.1103515625,0
"990","SG9",29,175,0.25048851966858,1,1,21.051025390625,0
"991","SG9",29,170,0.25048851966858,0,1,0.390625,1
"992","SG9",29,174,0.25048851966858,0,1,22.247314453125,0
"993","SG9",29,173,0.24743378162384,1,1,7.611083984375,0
"994","SG9",29,168,2.04151198954533,0,1,9.92571256806311,0
"995","SG9",29,172,0.25048851966858,1,1,20.587158203125,0
"996","SG9",29,179,0.25048851966858,0,1,11.590576171875,0
"997","SG9",29,165,6.92389475138937,0,1,23.4336611821134,0
"998","SG9",29,166,1.10624515343014,1,1,8.06968789560155,0
"999","SG9",29,178,0.25048851966858,0,1,12.188720703125,0
"1000","SG9",29,177,0.25048851966858,1,1,23.968505859375,0
"1001","SG9",30,184,4.30147182267926,1,1,47.6643061492909,0
"1002","SG9",30,182,7.61187497640938,1,1,0.135700436685285,1
"1003","SG9",30,187,0.25048851966858,0,1,13.568115234375,0
"1004","SG9",30,188,0.25048851966858,0,1,14.48974609375,0
"1005","SG9",30,183,3.47020415065736,1,1,7.44473763870295,0
"1006","SG9",30,185,3.42475651833491,1,1,9.977473429811,0
"1007","SG9",30,186,2.64626964350221,0,1,0.934528436035326,1
"1008","SG9",31,195,0.25048851966858,0,1,17.37060546875,0
"1009","SG9",31,193,0.25048851966858,0,1,11.4501953125,0
"1010","SG9",31,189,5.37184273854497,1,1,1.57574548186948,1
"1011","SG9",31,198,0.25048851966858,0,1,19.232177734375,0
"1012","SG9",31,196,0.25048851966858,0,1,15.1123046875,0
"1013","SG9",31,194,0.24743378162384,0,1,12.030029296875,0
"1014","SG9",31,205,0.25048851966858,0,1,-0.01220703125,1
"1015","SG9",31,202,0.25048851966858,0,1,19.59228515625,0
"1016","SG9",31,199,0.25048851966858,0,1,34.0087890625,0
"1017","SG9",31,192,0.24132430553436,1,1,9.3505859375,0
"1018","SG9",31,197,0.25048851966858,0,1,9.490966796875,0
"1019","SG9",31,201,0.24743378162384,0,1,24.67041015625,0
"1020","SG9",31,190,4.57115976239182,1,1,16.0453483757289,0
"1021","SG9",31,191,0.25048851966858,0,1,1.690673828125,1
"1022","SG9",31,204,0.25048851966858,0,1,6.488037109375,0
"1023","SG9",31,200,0.25048851966858,0,1,23.028564453125,0
"1024","SG9",31,203,0.25048851966858,0,1,15.570068359375,0
"1025","SG9",32,217,0.25048851966858,0,1,39.48974609375,0
"1026","SG9",32,210,1.06178800187773,0,1,11.0185885414935,0
"1027","SG9",32,211,1.01777667577225,0,1,11.5430641257539,0
"1028","SG9",32,209,3.26926178903966,0,1,23.9632210407927,0
"1029","SG9",32,215,0.24132430553436,0,1,36.0107421875,0
"1030","SG9",32,216,0.25048851966858,0,1,25.1708984375,0
"1031","SG9",32,207,1.15806484874192,0,1,20.449233914366,0
"1032","SG9",32,206,2.06306037202182,0,1,6.061810997693,0
"1033","SG9",32,213,8.10095086862426,0,1,0.459838012818167,1
"1034","SG9",32,208,2.58294898621907,1,1,9.38279873053078,0
"1035","SG9",32,218,0.25048851966858,0,1,42.108154296875,0
"1036","SG9",32,212,3.30563552300479,0,1,-0.0334319194907978,1
"1037","SG9",32,214,0.25048851966858,0,1,7.28759765625,0
"1038","SG9",33,223,0.24743378162384,0,1,3.8330078125,1
"1039","SG9",33,221,0.25048851966858,0,1,2.30712890625,1
"1040","SG9",33,222,0.25048851966858,0,1,12.127685546875,0
"1041","SG9",33,220,0.25048851966858,0,1,12.48779296875,0
"1042","SG9",33,224,0.25048851966858,0,1,39.508056640625,0
"1043","SG9",33,225,0.25048851966858,0,1,20.672607421875,0
"1044","SG9",33,219,0.25048851966858,0,1,0.250244140625,1
"1045","SG9",33,226,0.2596527338028,0,1,23.748779296875,0
"1046","SG9",33,227,0.25048851966858,0,1,11.51123046875,0
"1047","SG9",33,228,0.24743378162384,0,1,11.3525390625,0
"1048","WD19",20,100,2.34762257316609,0,1,30.1084715869624,0
"1049","WD19",20,101,1.46617442040903,0,1,27.9223732856069,0
"1050","WD19",20,102,6.62046941122006,1,1,26.06296926463,0
"1051","WD19",20,103,2.24037414561894,1,1,17.1198950891946,0
"1052","WD19",20,95,5.1696166272451,0,1,10.8981411298507,0
"1053","WD19",20,92,2.65831058787607,0,1,27.6582298866149,0
"1054","WD19",20,93,6.20292221570341,1,1,19.8000925328593,0
"1055","WD19",20,94,2.90442045469128,1,1,3.3354228382435,0
"1056","WD19",20,105,20.6753726014969,1,1,4.20025013602365,0
"1057","WD19",20,96,1.84939568467359,0,1,9.08623920973162,0
"1058","WD19",20,91,10.9679500699842,1,1,32.282992804183,0
"1059","WD19",20,104,4.89034746968792,1,1,19.0105752182543,0
"1060","WD19",20,109,0.63708607988056,0,1,-0.033290518795201,1
"1061","WD19",20,90,7.2156645683142,1,1,33.1101660002282,0
"1062","WD19",20,98,0.76334039292805,1,1,4.83221058782102,0
"1063","WD19",20,99,2.82994754779435,0,1,5.61999401200642,0
"1064","WD19",20,106,2.16900577528548,0,1,4.51536386163886,0
"1065","WD19",20,97,8.19040036422044,1,1,7.47128392427999,0
"1066","WD19",20,107,4.43730835084366,1,1,4.67292072444647,0
"1067","WD19",20,108,0.99311175103474,0,1,-0.0108875888307297,1
"1068","WD19",21,117,3.69954037901328,0,1,16.7506348180029,0
"1069","WD19",21,118,3.21388652821431,0,1,2.41327675784144,1
"1070","WD19",21,116,4.00902694286491,0,1,10.4151604614936,0
"1071","WD19",21,115,8.25135595570174,0,1,35.3966520034691,0
"1072","WD19",21,110,0.71895839557784,0,1,14.9331175313045,0
"1073","WD19",21,113,2.84250287302233,0,1,29.6757765521055,0
"1074","WD19",21,114,2.53301906619232,0,1,11.1958326283383,0
"1075","WD19",21,111,3.10437640491322,0,1,1.18126292888712,1
"1076","WD19",21,112,2.72347197555432,0,1,15.5261034276572,0
"1077","WD19",22,121,0.259652733802795,0,1,9.72900390625,0
"1078","WD19",22,119,5.03095759785369,0,1,4.88005194534481,0
"1079","WD19",22,120,0.250488519668579,0,1,17.950439453125,0
"1080","WD19",22,122,0.250488519668579,0,1,14.208984375,0
"1081","WD19",23,123,0.98908214025456,1,1,11.4883287119396,0
"1082","WD19",24,124,2.64030010749089,0,1,7.40508708077421,0
"1083","WD19",27,127,0.25048851966858,0,1,22.991943359375,0
"1084","WD19",27,126,0.24743378162384,0,1,33.087158203125,0
"1085","WD19",27,125,4.16767579823611,1,1,1.62299704559793,1
"1086","WD19",28,128,2.8191646493862,1,1,9.12983619431225,0
"1087","WD19",28,129,0.25048851966858,0,1,5.21240234375,0
"1088","WD19",29,131,5.89481368444197,0,1,7.1016250708678,0
"1089","WD19",29,132,0.24743378162384,1,1,15.032958984375,0
"1090","WD19",29,133,0.25048851966858,0,1,18.072509765625,0
"1091","WD19",29,130,3.07113884696141,1,1,4.51322757516948,0
"1092","WD19",32,143,4.92701699963625,0,1,6.24591272182071,0
"1093","WD19",32,147,7.39805214240872,0,1,25.1559602881227,0
"1094","WD19",32,144,3.53721790633553,0,1,6.06508926978291,0
"1095","WD19",32,145,1.89153386312532,0,1,32.273339664451,0
"1096","WD19",32,146,0.69740837248247,0,1,6.34602918805331,0
"1097","WD19",32,141,1.99689649588426,0,1,43.8582938162836,0
"1098","WD19",32,142,5.84267987274293,0,1,40.1725799069622,0
"1099","WD19",32,140,4.19448571156348,0,1,36.7041500277266,0
"1100","WD19",32,139,2.56887183379744,0,1,9.71673487657929,0
"1101","WD25",20,33,3.92004857948763,1,1,4.63439473314549,0
"1102","WD25",20,32,4.63268431770934,1,1,9.63198599742073,0
"1103","WD25",21,36,3.08401267747068,0,1,17.3248413161432,0
"1104","WD25",21,35,3.26165656320834,0,1,16.9617187060357,0
"1105","WD25",21,40,3.88128822889584,0,1,-1.74903618699318e-07,1
"1106","WD25",21,37,2.2835640613905,0,1,20.7404267855827,0
"1107","WD25",21,39,4.26158048223656,0,1,3.66954431545754,0
"1108","WD25",21,43,1.74345687417046,0,1,5.64439669029537,0
"1109","WD25",21,41,4.40259289640233,1,1,14.9040239154264,0
"1110","WD25",21,34,2.75070506797769,0,1,3.52618124220504,0
"1111","WD25",21,42,2.84776733663739,1,1,9.33614344885157,0
"1112","WD25",21,38,1.5438375386998,0,1,11.480800005378,0
"1113","WD25",24,49,7.93684950645142,1,1,12.9762558360997,0
"1114","WD25",24,50,7.09494760901604,1,1,4.03215523192557e-08,1
"1115","WD25",24,48,5.77080189513755,1,1,8.15846552590099,0
"1116","WD25",24,53,1.21757066793635,0,1,9.83379933972952,0
"1117","WD25",24,54,1.12165506557682,0,1,12.315690886267,0
"1118","WD25",24,51,3.26106290933225,1,1,3.19109034505207,0
"1119","WD25",24,52,3.17047927154188,0,1,3.19109034505207,0
"1120","WD25",24,56,5.81476224530608,1,1,16.7684952349383,0
"1121","WD25",24,57,4.30545454567878,0,1,17.8634477804045,0
"1122","WD25",24,55,1.73710261490832,1,1,10.271780357916,0
"1123","WD25",27,61,0.25048851966858,1,1,3.86962890625,1
"1124","WD25",27,62,0.25048851966858,0,1,5.047607421875,0
"1125","WD25",27,63,0.25048851966858,0,1,3.607177734375,1
"1126","WD25",29,64,0.25048851966858,0,1,6.610107421875,0
"1127","WD25",29,65,0.25048851966858,1,1,1.068115234375,1
"1128","WD25",30,68,6.44849672885206,1,1,5.65461303728343,0
"1129","WD25",30,66,0.51788456301802,1,1,-3.09454719626956e-08,1
"1130","WD25",30,67,10.3139563018644,1,1,18.9093695817643,0
"1131","WD9",20,64,4.62600340752091,1,1,6.09964750269905,0
"1132","WD9",20,65,1.94585138319173,1,1,-0.0131052949745794,1
"1133","WD9",20,66,4.28899929396937,1,1,1.47543396559333,1
"1134","WD9",20,67,6.51728949656665,1,1,1.47543396559333,0
"1135","WD9",20,68,19.1607996734732,1,1,9.72242730767903e-09,0
"1136","WD9",20,69,0.25048851966858,1,1,6.591796875,0
"1137","WD9",21,70,1.49750609853417,1,1,21.4718554345849,0
"1138","WD9",22,71,3.27119825557061,0,1,5.09724909066679,0
"1139","WD9",23,72,0.59990721924099,1,1,5.39690850340567,0
"1140","WD9",24,73,1.1766568832709,1,1,0.348434970629725,1
"1141","WD9",24,74,2.68446073081509,0,1,6.19654960904568,0
"1142","WD9",24,75,2.23547711226575,0,1,7.43535772731217,0
"1143","WD9",24,76,0.980546361626033,0,1,20.292916327289,0
"1144","WD9",26,77,7.15204884105839,1,1,6.03977809987555e-08,1
"1145","WD9",27,78,3.24918536357242,1,1,10.3290820289655,0
"1146","WD9",27,79,3.59096510715661,1,1,19.7809876070173,0
"1147","WD9",27,80,0.25659799575806,0,1,0,1
"1148","WD9",27,81,0.24743378162384,1,1,5.74951171875,0
"1149","WD9",27,82,0.25048851966858,1,1,27.508544921875,0
"1150","WD9",29,83,4.9857492129385,0,1,13.6671823433316,0
"1151","WD9",29,84,6.85475298230582,1,1,39.1196282365105,0
"1152","WD9",30,85,3.68014673021685,1,1,14.3764737354491,0
"1153","WD9",30,86,2.85450008454381,0,1,7.16517123411364e-09,1
"1154","WD9",31,87,2.20772131747903,1,1,7.81611172303807,0
"1155","WD9",31,88,3.825607151307,0,1,14.7289025037989,0
"1156","WD9",31,89,6.40780908383581,1,1,-0.0184877507492159,1
"1157","WD9",31,90,0.25048851966858,0,1,0.2685546875,1
"1158","WD9",31,91,0.25048851966858,0,1,3.74755859375,1
"1159","WD9",31,92,0.25048851966858,0,1,6.591796875,0
"1160","WD9",31,93,0.25048851966858,1,1,18.988037109375,0
"1161","WD9",31,94,0.25048851966858,0,1,23.712158203125,0
"1162","WD9",31,95,0.24743378162384,0,1,19.268798828125,0
"1163","WD9",32,96,1.79623899696914,0,1,10.8541213987023,0
"1164","WD9",32,97,4.76032177879278,0,1,13.6359408364433,0
"1165","WD9",32,98,0.78668400935384,0,1,0.608730496630017,1
"1166","WD9",32,99,0.25048851966858,0,1,32.550048828125,0
"1167","WD9",33,100,0.67569683008526,1,1,-1.44861447837208e-07,1
"1168","WD9",33,101,4.06989837097547,0,1,15.78968518049,0
"1169","WD9",33,102,1.92921131196928,1,1,0.550316315022678,1
"1170","WD9",33,103,0.25048851966858,0,1,20.709228515625,0
"1171","WD9",33,104,0.2596527338028,0,1,22.44873046875,0
"1172","WD9",33,105,0.24743378162384,0,1,48.992919921875,0
"1173","WD9",33,106,0.25048851966858,0,1,7.97119140625,0
"1174","WD9",34,107,2.04469127843436,0,1,18.4268472397036,0
"1175","WD9",34,108,2.75183884848862,0,1,1.12675430131418,1
"1176","WD9",34,109,2.24734945190354,0,1,1.08778823302457,1
"1177","WD9",34,110,4.19944148398518,0,1,-0.0433056772536577,1
"1178","WD9",34,111,2.64921535973527,0,1,12.8823417768736,0
"1179","WD9",34,112,1.97139082167069,0,1,30.8469157089381,0
"1180","WD9",34,113,3.26840148365041,0,1,25.7802420700443,0
"1181","WD9",34,114,1.39704859879639,0,1,24.9260754152719,0
"1182","WD9",34,115,1.91619782065315,0,1,10.7878704906101,0
"1183","WD9",34,116,0.91584273236858,0,1,2.39878609929862,1
"1184","WD9",34,117,1.74113623084283,0,1,3.76928017872986,0
"1185","WD9",34,118,0.250488519668579,0,1,0.128173828125,1
"1186","WD9",34,119,0.24743378162384,0,1,1.45263671875,1
"1187","WD9",34,120,0.238269567489624,0,1,8.551025390625,0
"1188","WD9",34,121,0.250488519668579,0,1,13.1103515625,0
"1189","WD9",34,122,0.250488519668579,0,1,13.531494140625,0
"1190","WD9",34,123,0.250488519668579,0,1,14.48974609375,0
"1191","WD9",34,124,0.24743378162384,0,1,16.448974609375,0
"1192","WD9",34,125,0.250488519668579,0,1,21.551513671875,0
"1193","WD9",34,126,0.250488519668579,0,1,33.349609375,0
"1194","WD9",34,127,0.250488519668579,0,1,35.211181640625,0
"1195","WD9",34,128,0.250488519668579,0,1,2.032470703125,1
