"","quad","year","trackID","area.t1","area.t0","age","allEdge","distEdgeMin","Grazing","Group"
"1","q21",34,25,7.655911,253.1516,1,0,-0.00760650634765625,"No","lb1"
"2","q21",34,26,11.88834,54.7114,1,0,-0.0211868286132812,"No","lb1"
"3","q21",34,27,11.241426,97.23904,1,0,4.01699066162109,"No","lb1"
"4","q21",34,28,1.7822009,23.37817,1,1,-0.018341064453125,"No","lb1"
"5","q21",34,29,29.4352691,223.1304,1,0,11.396354675293,"No","lb1"
"6","q21",34,30,8.033116,81.6972,1,0,19.8242111206055,"No","lb1"
"7","q21",34,31,77.322482,252.1691,1,0,26.8936157226562,"No","lb1"
"8","q21",34,32,10.899255,48.16534,1,0,11.8808288574219,"No","lb1"
"9","q21",34,34,4.111572,33.12457,1,0,3.89619445800781,"No","lb1"
"10","q21",34,35,19.938865,390.1092,1,0,29.1520080566406,"No","lb1"
"11","q21",34,36,5.24146,45.83128,1,0,0.0016021728515625,"No","lb1"
"12","q21",34,37,40.431318,159.8814,1,0,0.00501251220703125,"No","lb1"
"13","q21",34,38,9.276929,34.39502,1,0,30.5252265930176,"No","lb1"
"14","q21",34,39,7.781154,52.11911,1,0,14.3217010498047,"No","lb1"
"15","q21",34,40,168.811552,254.616,1,0,15.8899402618408,"No","lb1"
"16","q21",34,41,44.616714,135.8093,1,0,15.0928239822388,"No","lb1"
"17","q21",34,42,51.954308,124.7607,1,0,8.26448822021484,"No","lb1"
"18","q21",34,43,14.92194,32.78235,1,0,3.19863128662109,"No","lb1"
"19","q21",34,44,9.108979,32.68296,1,0,0.016082763671875,"No","lb1"
"20","q21",35,25,7.085461,7.655911,2,0,2.42677307128906,"No","lb1"
"21","q21",35,26,18.256243,11.88834,2,0,2.01189422607422,"No","lb1"
"22","q21",35,27,23.066996,11.241426,2,0,5.46903228759766,"No","lb1"
"23","q21",35,28,1.850706,1.7822009,2,0,6.14006805419922,"No","lb1"
"24","q21",35,29,14.954692,29.4352691,2,0,5.42708587646484,"No","lb1"
"25","q21",35,30,26.27057,8.033116,2,0,31.5555725097656,"No","lb1"
"26","q21",35,31,67.977399,77.322482,2,0,25.1500701904297,"No","lb1"
"27","q21",35,32,9.687917,10.899255,2,0,11.6327590942383,"No","lb1"
"28","q21",35,34,5.587896,4.111572,2,0,8.49906921386719,"No","lb1"
"29","q21",35,35,30.483112,19.938865,2,0,32.6337509155273,"No","lb1"
"30","q21",35,36,9.971718,5.24146,2,0,4.53775024414062,"No","lb1"
"31","q21",35,37,40.387986,40.431318,2,0,3.98435974121094,"No","lb1"
"32","q21",35,39,7.805309,7.781154,2,0,18.1132888793945,"No","lb1"
"33","q21",35,40,120.217641,168.811552,2,0,14.2330627441406,"No","lb1"
"34","q21",35,41,38.41262,44.616714,2,0,11.419303894043,"No","lb1"
"35","q21",35,42,64.097164,51.954308,2,0,8.19716644287109,"No","lb1"
"36","q21",35,43,3.780334,14.92194,2,0,3.20271301269531,"No","lb1"
"37","q21",35,44,25.09056,9.108979,2,0,3.43227386474609,"No","lb1"
"38","q21",35,46,12.2757,2.687862,1,0,10.3184967041016,"No","lb1"
"39","q21",35,48,3.446849,2.493542,1,0,3.73252105712891,"No","lb1"
"40","q21",36,30,17.00704,26.27057,3,0,27.5186977386475,"No","lb1"
"41","q21",36,31,11.7222,67.977399,3,0,24.3476943969727,"No","lb1"
"42","q21",36,44,22.76054,25.09056,3,0,-0.212532982230186,"No","lb1"
"43","q21",62,49,18.05581,34.08208,1,0,8.07094478607178,"No","lb1"
"44","q21",63,49,20.16332,18.05581,2,0,7.59246444702148,"No","lb1"
"45","q21",64,49,127.9302,20.16332,3,0,9.70650386810303,"No","lb1"
"46","q21",65,49,195.8497,127.9302,4,0,5.78941822052002,"No","lb1"
"47","q21",65,51,104.3322,26.56285,1,0,14.7623748779297,"No","lb1"
"48","q21",66,49,127.1937,195.8497,5,0,4.54795265197754,"No","lb1"
"49","q21",66,52,76.01112,27.5804,1,0,18.6240463256836,"No","lb1"
"50","q21",67,49,81.52602,127.1937,6,0,1.92882430553436,"No","lb1"
"51","q21",67,52,41.02057,76.01112,2,0,15.4322357177734,"No","lb1"
"52","q21",67,53,176.6248,36.5278,1,0,0.0199737548828125,"No","lb1"
"53","q21",67,54,49.97115,29.38654,1,0,-0.0239105224609375,"No","lb1"
"54","q22",34,17,118.11211,243.9997,1,0,5.93463897705078,"No","lb1"
"55","q22",34,18,19.17638,49.14009,1,0,10.6163101196289,"No","lb1"
"56","q22",34,19,55.152396,211.1223,1,0,-0.005126953125,"No","lb1"
"57","q22",34,21,71.10387,218.1765,1,0,0.691983163356781,"No","lb1"
"58","q22",34,26,20.270996,214.0771,1,0,-0.002471923828125,"No","lb1"
"59","q22",34,30,90.671737,780.7264,1,0,0.00215004710480571,"No","lb1"
"60","q22",34,33,276.20195,426.9493,1,0,13.7117080688477,"No","lb1"
"61","q22",34,34,70.94682,104.8395,1,0,23.1681251525879,"No","lb1"
"62","q22",34,35,78.652816,67.577,1,0,3.19390106201172,"No","lb1"
"63","q22",35,17,42.4418773,118.11211,2,0,13.0880889892578,"No","lb1"
"64","q22",35,18,1.905505,19.17638,2,0,15.712043762207,"No","lb1"
"65","q22",35,19,43.2553675,55.152396,2,0,6.52069854736328,"No","lb1"
"66","q22",35,21,44.959886,71.10387,2,0,1.67697048187256,"No","lb1"
"67","q22",35,26,38.176091,20.270996,2,0,4.72239685058594,"No","lb1"
"68","q22",35,30,108.0456064,90.671737,2,0,0.493403911590576,"No","lb1"
"69","q22",35,33,154.213271,276.20195,2,0,11.6658706665039,"No","lb1"
"70","q22",35,34,36.992725,70.94682,2,0,20.7923469543457,"No","lb1"
"71","q22",35,35,41.553268,78.652816,2,0,3.39980316162109,"No","lb1"
"72","q22",36,17,53.15183,42.4418773,3,0,10.1292953491211,"No","lb1"
"73","q22",36,19,13.94232,43.2553675,3,0,7.86756134033203,"No","lb1"
"74","q22",36,21,36.830617,44.959886,3,0,2.69234013557434,"No","lb1"
"75","q22",36,26,7.633999,38.176091,3,0,0.0013580322265625,"No","lb1"
"76","q22",36,30,92.41199,108.0456064,3,0,-0.0930321961641312,"No","lb1"
"77","q22",36,31,60.08549,25.367308,3,0,26.1201095581055,"No","lb1"
"78","q22",36,33,179.59137,154.213271,3,0,13.3005990982056,"No","lb1"
"79","q22",36,34,79.090843,36.992725,3,0,21.9001579284668,"No","lb1"
"80","q22",36,35,67.77819,41.553268,3,0,5.39836120605469,"No","lb1"
"81","q22",37,17,110.33875,53.15183,4,0,9.28286743164062,"No","lb1"
"82","q22",37,19,27.75299,13.94232,4,0,16.9526977539062,"No","lb1"
"83","q22",37,21,30.71607,36.830617,4,0,3.72109222412109,"No","lb1"
"84","q22",37,26,49.95599,7.633999,4,0,1.39664459228516,"No","lb1"
"85","q22",37,30,119.31725,92.41199,4,0,7.00351905822754,"No","lb1"
"86","q22",37,31,102.5135,60.08549,4,0,27.2535247802734,"No","lb1"
"87","q22",37,33,502.3599,179.59137,4,0,16.1010246276855,"No","lb1"
"88","q22",37,34,150.8701,79.090843,4,0,18.8738498687744,"No","lb1"
"89","q22",38,17,57.179829,110.33875,5,0,9.13835144042969,"No","lb1"
"90","q22",38,30,70.960258,119.31725,5,0,5.78422451019287,"No","lb1"
"91","q22",38,31,62.839259,102.5135,5,0,24.6470127105713,"No","lb1"
"92","q22",38,33,306.759057,502.3599,5,0,1.40101623535156,"No","lb1"
"93","q22",38,34,99.312352,150.8701,5,0,18.6536350250244,"No","lb1"
"94","q22",39,17,34.182301,57.179829,6,0,8.79348754882812,"No","lb1"
"95","q22",39,31,4.424993,62.839259,6,0,27.5563049316406,"No","lb1"
"96","q22",39,33,44.06437,306.759057,6,0,3.42569732666016,"No","lb1"
"97","q22",39,34,19.469135,99.312352,6,0,20.0681266784668,"No","lb1"
"98","q22",40,17,39.6209,34.182301,7,0,5.01889801025391,"No","lb1"
"99","q22",40,31,51.01223,4.424993,7,0,32.6179885864258,"No","lb1"
"100","q22",40,33,104.290898,44.06437,7,0,4.61807250976562,"No","lb1"
"101","q22",40,34,60.16981,19.469135,7,0,24.568868637085,"No","lb1"
"102","q22",41,17,106.6981,39.6209,8,0,7.76371002197266,"No","lb1"
"103","q22",41,31,94.58478,51.01223,8,0,30.4765281677246,"No","lb1"
"104","q22",41,33,198.1157,104.290898,8,0,2.53298187255859,"No","lb1"
"105","q22",41,34,51.72686,60.16981,8,0,22.5758094787598,"No","lb1"
"106","q22",42,17,71.44799,106.6981,9,0,4.24574279785156,"No","lb1"
"107","q22",42,31,165.16923,94.58478,9,0,30.5351600646973,"No","lb1"
"108","q22",42,33,179.5592,198.1157,9,0,1.89665222167969,"No","lb1"
"109","q22",42,34,23.93166,51.72686,9,0,26.7877635955811,"No","lb1"
"110","q22",42,38,12.27232,5.077827,1,0,14.7185077667236,"No","lb1"
"111","q22",43,17,142.0142,71.44799,10,0,7.88886260986328,"No","lb1"
"112","q22",43,31,249.81166,165.16923,10,0,21.1454753875732,"No","lb1"
"113","q22",43,33,211.2712,179.5592,10,0,0.579620361328125,"No","lb1"
"114","q22",43,34,41.56282,23.93166,10,0,25.0259399414062,"No","lb1"
"115","q22",43,39,22.64935,32.26218,1,0,20.9753875732422,"No","lb1"
"116","q22",43,40,37.70906,29.2974,1,0,3.75701141357422,"No","lb1"
"117","q22",44,17,129.17421,142.0142,11,0,3.80146789550781,"No","lb1"
"118","q22",44,31,217.1373,249.81166,11,0,18.9778156280518,"No","lb1"
"119","q22",44,33,214.7249,211.2712,11,0,1.90016937255859,"No","lb1"
"120","q22",44,34,34.42622,41.56282,11,0,23.6078872680664,"No","lb1"
"121","q22",44,40,59.35437,37.70906,2,0,4.10321807861328,"No","lb1"
"122","q22",45,17,288.0971,129.17421,12,0,5.74779510498047,"No","lb1"
"123","q22",45,31,253.09253,217.1373,12,0,17.9416904449463,"No","lb1"
"124","q22",45,33,188.6579,214.7249,12,0,0.444602966308594,"No","lb1"
"125","q22",45,40,22.876244,59.35437,3,0,2.78097534179688,"No","lb1"
"126","q22",46,17,180.5035,288.0971,13,0,6.65269470214844,"No","lb1"
"127","q22",46,31,279.78157,253.09253,13,0,19.6654949188232,"No","lb1"
"128","q22",46,33,268.0233,188.6579,13,0,1.33747863769531,"No","lb1"
"129","q22",46,40,65.84423,22.876244,4,0,-0.286491394042969,"No","lb1"
"130","q22",47,17,157.2904,180.5035,14,0,7.93896484375,"No","lb1"
"131","q22",47,31,301.00532,279.78157,14,0,19.267972946167,"No","lb1"
"132","q22",47,33,237.0457,268.0233,14,0,-0.697509765625,"No","lb1"
"133","q22",47,40,107.2353,65.84423,5,0,3.90676116943359,"No","lb1"
"134","q22",47,41,31.9114,27.61364,1,0,5.03554153442383,"No","lb1"
"135","q22",48,17,170.55525,157.2904,15,0,6.41954040527344,"No","lb1"
"136","q22",48,31,358.89412,301.00532,15,0,19.2271938323975,"No","lb1"
"137","q22",48,33,331.388,237.0457,15,0,-0.035430908203125,"No","lb1"
"138","q22",48,40,149.7188,107.2353,6,0,-0.0157394409179688,"No","lb1"
"139","q22",48,41,25.48156,31.9114,2,0,6.78122329711914,"No","lb1"
"140","q22",49,17,169.87986,170.55525,16,0,9.43183135986328,"No","lb1"
"141","q22",49,31,370.10067,358.89412,16,0,16.9301681518555,"No","lb1"
"142","q22",49,33,270.979,331.388,16,0,-0.676116943359375,"No","lb1"
"143","q22",49,40,85.7834,149.7188,7,0,-0.317283630371094,"No","lb1"
"144","q22",49,41,35.18998,25.48156,3,0,6.83342027664185,"No","lb1"
"145","q22",50,17,186.87941,169.87986,17,0,6.30725860595703,"No","lb1"
"146","q22",50,31,436.70859,370.10067,17,0,16.0313091278076,"No","lb1"
"147","q22",50,33,545.1675,270.979,17,0,-0.343482971191406,"No","lb1"
"148","q22",50,41,68.3577122,35.18998,4,0,5.39717102050781,"No","lb1"
"149","q22",51,17,355.731,186.87941,18,0,5.97528839111328,"No","lb1"
"150","q22",51,31,382.180753,436.70859,18,0,15.391809463501,"No","lb1"
"151","q22",51,33,673.0591,545.1675,18,0,-0.161003112792969,"No","lb1"
"152","q22",51,41,55.17668,68.3577122,5,0,5.84966659545898,"No","lb1"
"153","q22",51,46,4.763062,6.401705,1,0,9.89316558837891,"No","lb1"
"154","q22",51,48,3.212259,6.043396,1,0,13.9311904907227,"No","lb1"
"155","q22",51,52,9.655824,4.31814,1,0,18.7953414916992,"No","lb1"
"156","q22",51,63,5.622948,1.597672,1,0,14.2586517333984,"No","lb1"
"157","q22",51,68,24.84946,13.19796,1,1,-0.50857549905777,"No","lb1"
"158","q22",52,17,368.3539,355.731,19,0,3.66512298583984,"No","lb1"
"159","q22",52,31,569.71015,382.180753,19,0,15.7012252807617,"No","lb1"
"160","q22",52,33,662.8988,673.0591,19,0,-0.137413024902344,"No","lb1"
"161","q22",52,41,114.5324,55.17668,6,0,5.96673583984375,"No","lb1"
"162","q22",52,52,33.06839,9.655824,2,0,21.1953353881836,"No","lb1"
"163","q22",52,68,49.48795,24.84946,2,1,-0.0643581002950668,"No","lb1"
"164","q22",52,74,7.292394,5.859862,1,0,6.34738254547119,"No","lb1"
"165","q22",53,17,251.7296,368.3539,20,0,4.08587646484375,"No","lb1"
"166","q22",53,31,524.09763,569.71015,20,0,15.7321929931641,"No","lb1"
"167","q22",53,33,686.129488,662.8988,20,0,0.0104293823242188,"No","lb1"
"168","q22",53,41,110.7239,114.5324,7,0,4.18157863616943,"No","lb1"
"169","q22",53,68,33.76611,49.48795,3,1,-0.142202004790306,"No","lb1"
"170","q22",54,17,474.1143,251.7296,21,0,3.65357971191406,"No","lb1"
"171","q22",54,31,807.4207,524.09763,21,0,15.6289300918579,"No","lb1"
"172","q22",54,33,858.0084,686.129488,21,0,0.008056640625,"No","lb1"
"173","q22",54,41,182.913,110.7239,8,0,3.08153104782104,"No","lb1"
"174","q22",54,68,117.4518,33.76611,4,0,0.0176391527056694,"No","lb1"
"175","q22",55,17,290.0011,474.1143,22,0,3.06755828857422,"No","lb1"
"176","q22",55,31,675.212228,807.4207,22,0,12.0860748291016,"No","lb1"
"177","q22",55,33,577.423903,858.0084,22,0,0.00724029541015625,"No","lb1"
"178","q22",55,41,58.2748,182.913,9,0,1.97573113441467,"No","lb1"
"179","q22",55,68,61.17791,117.4518,5,0,0.00142008962575346,"No","lb1"
"180","q22",56,17,305.5217,290.0011,23,0,3.81806182861328,"No","lb1"
"181","q22",56,31,591.10996,675.212228,23,0,12.5385971069336,"No","lb1"
"182","q22",56,33,824.04389,577.423903,23,0,-0.271311968564987,"No","lb1"
"183","q22",56,41,98.61757,58.2748,10,0,4.04952144622803,"No","lb1"
"184","q22",56,68,93.48129,61.17791,6,0,-0.0641351044178009,"No","lb1"
"185","q22",57,17,262.2368,305.5217,24,0,3.85443115234375,"No","lb1"
"186","q22",57,31,513.50713,591.10996,24,0,15.192985534668,"No","lb1"
"187","q22",57,33,705.49312,824.04389,24,0,-0.323445379734039,"No","lb1"
"188","q22",57,41,123.1192,98.61757,11,0,1.70011627674103,"No","lb1"
"189","q22",57,68,54.06153,93.48129,7,0,0.710836350917816,"No","lb1"
"190","q22",58,17,410.8365,262.2368,25,0,3.27581024169922,"No","lb1"
"191","q22",58,31,730.45766,513.50713,25,0,14.6547632217407,"No","lb1"
"192","q22",58,33,600.43594,705.49312,25,0,-0.265960693359375,"No","lb1"
"193","q22",58,41,118.578,123.1192,12,0,3.22764873504639,"No","lb1"
"194","q22",58,68,86.77477,54.06153,8,0,-0.0994451344013214,"No","lb1"
"195","q22",58,76,40.96672,9.925756,3,1,0.422843933105469,"No","lb1"
"196","q22",59,17,274.100047,410.8365,26,0,2.39464569091797,"No","lb1"
"197","q22",59,31,628.4318,730.45766,26,0,10.6731491088867,"No","lb1"
"198","q22",59,33,596.706,600.43594,26,0,-0.0007476806640625,"No","lb1"
"199","q22",59,41,66.92332,118.578,13,0,4.50391960144043,"No","lb1"
"200","q22",59,68,66.9068,86.77477,9,0,0.00592806981876493,"No","lb1"
"201","q22",59,78,4.143904,20.41358,1,0,20.1202926635742,"No","lb1"
"202","q22",60,17,572.7429,274.100047,27,0,7.52031707763672,"No","lb1"
"203","q22",60,31,823.8215,628.4318,27,0,13.6117572784424,"No","lb1"
"204","q22",60,33,918.52748,596.706,27,0,-0.587272644042969,"No","lb1"
"205","q22",60,41,231.0501,66.92332,14,0,4.70081424713135,"No","lb1"
"206","q22",60,68,216.8127,66.9068,10,0,0.0232260916382074,"No","lb1"
"207","q22",60,78,13.70829,4.143904,2,0,22.5029678344727,"No","lb1"
"208","q22",61,17,483.9839,572.7429,28,0,0.0657272338867188,"No","lb1"
"209","q22",61,31,737.7517,823.8215,28,0,11.0133924484253,"No","lb1"
"210","q22",61,33,880.0881,918.52748,28,0,-0.325506120920181,"No","lb1"
"211","q22",61,41,183.1562,231.0501,15,0,1.27078437805176,"No","lb1"
"212","q22",61,68,159.0122,216.8127,11,0,-0.0816370919346809,"No","lb1"
"213","q22",61,78,3.510551,13.70829,3,0,22.0994491577148,"No","lb1"
"214","q22",64,17,529.7108,373.286,31,0,0.683341979980469,"No","lb1"
"215","q22",64,31,941.7472,821.5795,31,0,12.5574226379395,"No","lb1"
"216","q22",64,33,1251.176,912.2955,31,0,-0.0137176513671875,"No","lb1"
"217","q22",64,41,213.6651,148.8329,18,0,1.32723498344421,"No","lb1"
"218","q22",64,68,187.4948,147.1542,14,0,-0.200606986880302,"No","lb1"
"219","q22",64,80,66.5134,1.781189,1,1,-0.158920288085938,"No","lb1"
"220","q22",64,81,9.32253,21.11737,1,1,0.45458984375,"No","lb1"
"221","q22",64,82,59.89071,90.74361,1,0,0.0447785183787346,"No","lb1"
"222","q22",65,17,699.0759,529.7108,32,0,0.0555343627929688,"No","lb1"
"223","q22",65,31,957.0662,941.7472,32,0,12.9130191802979,"No","lb1"
"224","q22",65,33,1179.25235,1251.176,32,0,-0.655807495117188,"No","lb1"
"225","q22",65,41,134.9491,213.6651,19,0,-0.00284704472869635,"No","lb1"
"226","q22",65,68,99.39525,187.4948,15,0,-0.0370275564491749,"No","lb1"
"227","q22",65,81,125.9316,9.32253,2,1,0.154853820800781,"No","lb1"
"228","q22",65,82,91.02448,59.89071,2,0,-0.42175018787384,"No","lb1"
"229","q22",66,17,495.27609,699.0759,33,0,-0.0897216796875,"No","lb1"
"230","q22",66,31,692.741,957.0662,33,0,2.6927638053894,"No","lb1"
"231","q22",66,33,1017.244,1179.25235,33,0,-0.355348318815231,"No","lb1"
"232","q22",66,41,121.8204,134.9491,20,0,-0.0205108523368835,"No","lb1"
"233","q22",66,68,114.9485,99.39525,16,0,-0.0995254069566727,"No","lb1"
"234","q22",66,81,33.99669,125.9316,3,0,0.162408784031868,"No","lb1"
"235","q22",66,82,77.14977,91.02448,3,0,-0.199417322874069,"No","lb1"
"236","q22",67,17,619.33866,495.27609,34,0,-0.027801513671875,"No","lb1"
"237","q22",67,31,856.776538,692.741,34,0,8.31235790252686,"No","lb1"
"238","q22",67,41,155.6402,121.8204,21,0,-0.0425459966063499,"No","lb1"
"239","q22",67,81,133.7656,33.99669,4,0,-0.187370300292969,"No","lb1"
"240","q22",70,17,776.74191,681.87967,37,0,-0.00115966796875,"No","lb1"
"241","q22",70,31,1018.319,747.9662,37,0,7.07506895065308,"No","lb1"
"242","q22",70,41,152.2676,219.5771,24,0,-0.0467231571674347,"No","lb1"
"243","q22",70,81,137.444,162.708,7,0,-0.297494053840637,"No","lb1"
"244","q22",70,83,699.6624,640.3333,1,0,-0.0401382446289062,"No","lb1"
"245","q22",70,85,223.3282,118.7177,1,0,0.162665873765945,"No","lb1"
"246","q22",70,87,175.4597,91.441,1,0,-0.000351300608599558,"No","lb1"
"247","q22",71,17,749.45454,776.74191,38,0,-0.0293197631835938,"No","lb1"
"248","q22",71,31,787.5174533,1018.319,38,0,4.82971954345703,"No","lb1"
"249","q22",71,41,200.7794,152.2676,25,0,-0.0197919830679893,"No","lb1"
"250","q22",71,81,141.1531,137.444,8,0,0.0937728881835938,"No","lb1"
"251","q22",71,83,534.2074,699.6624,2,0,-0.0964813232421875,"No","lb1"
"252","q22",71,85,78.04079,223.3282,2,0,-0.239922627806664,"No","lb1"
"253","q22",71,87,101.8885,175.4597,2,0,-0.0441439189016819,"No","lb1"
"254","q23",34,28,28.88638,85.25237,1,0,-0.0187219884246588,"No","lb1"
"255","q23",34,30,12.56644,22.08774,1,0,7.04808807373047,"No","lb1"
"256","q23",34,32,40.5136,37.54151,1,0,14.7742614746094,"No","lb1"
"257","q23",34,33,5.160538,28.76366,1,0,15.6595554351807,"No","lb1"
"258","q23",34,34,47.64414,25.44272,1,0,4.81856441497803,"No","lb1"
"259","q23",34,38,23.976725,244.1125,1,0,23.5591659545898,"No","lb1"
"260","q23",34,39,259.729267,510.9113,1,0,9.95691013336182,"No","lb1"
"261","q23",34,40,186.190677,546.1459,1,0,-0.0014495849609375,"No","lb1"
"262","q23",34,43,156.72682,228.5046,1,0,4.68216848373413,"No","lb1"
"263","q23",34,44,135.66298,122.8904,1,0,5.95479488372803,"No","lb1"
"264","q23",34,47,43.78131,51.19901,1,0,10.6577205657959,"No","lb1"
"265","q23",34,48,112.2401,98.96719,1,0,2.03877735137939,"No","lb1"
"266","q23",34,51,47.48632,107.275,1,0,-0.0182195343077183,"No","lb1"
"267","q23",34,54,14.97089,67.82465,1,0,-0.04908761754632,"No","lb1"
"268","q23",35,28,22.09564,28.88638,2,0,0.489433288574219,"No","lb1"
"269","q23",35,30,24.33601,12.56644,2,0,6.20159912109375,"No","lb1"
"270","q23",35,32,64.917946,40.5136,2,0,13.3079147338867,"No","lb1"
"271","q23",35,34,56.798885,47.64414,2,0,3.08838415145874,"No","lb1"
"272","q23",35,38,103.489045,23.976725,2,0,27.67333984375,"No","lb1"
"273","q23",35,39,251.204233,259.729267,2,0,8.23824596405029,"No","lb1"
"274","q23",35,40,265.83071,186.190677,2,0,1.71690368652344,"No","lb1"
"275","q23",35,43,142.39542,156.72682,2,0,3.95200848579407,"No","lb1"
"276","q23",35,44,107.712564,135.66298,2,0,6.46250534057617,"No","lb1"
"277","q23",35,47,4.289197,43.78131,2,0,12.7451171875,"No","lb1"
"278","q23",35,48,111.731749,112.2401,2,0,1.3591023683548,"No","lb1"
"279","q23",35,51,40.55688,47.48632,2,0,7.09600925445557,"No","lb1"
"280","q23",35,54,33.334867,14.97089,2,1,0.114460922777653,"No","lb1"
"281","q23",35,55,43.930877,30.35835,1,0,-0.014312744140625,"No","lb1"
"282","q23",36,29,11.24311,39.51776,3,0,5.7010498046875,"No","lb1"
"283","q23",36,32,21.69445,64.917946,3,0,10.7993469238281,"No","lb1"
"284","q23",36,34,2.632029,56.798885,3,0,0.615233719348907,"No","lb1"
"285","q23",36,38,12.114389,103.489045,3,0,25.8707580566406,"No","lb1"
"286","q23",36,39,126.837608,251.204233,3,0,5.8043270111084,"No","lb1"
"287","q23",36,40,116.381363,265.83071,3,0,0.803329467773438,"No","lb1"
"288","q23",36,43,45.63993,142.39542,3,0,3.84212183952332,"No","lb1"
"289","q23",36,44,59.784124,107.712564,3,0,4.87761354446411,"No","lb1"
"290","q23",36,48,42.674841,111.731749,3,0,-0.00840591825544834,"No","lb1"
"291","q23",36,51,20.98747,40.55688,3,0,8.47635459899902,"No","lb1"
"292","q23",37,29,31.10624,11.24311,4,0,10.5700302124023,"No","lb1"
"293","q23",37,32,53.74404,21.69445,4,0,13.8745193481445,"No","lb1"
"294","q23",37,39,219.19776,126.837608,4,0,5.75103902816772,"No","lb1"
"295","q23",37,40,282.09855,116.381363,4,0,1.63285064697266,"No","lb1"
"296","q23",37,43,82.7643,45.63993,4,0,13.1701459884644,"No","lb1"
"297","q23",37,44,132.86787,59.784124,4,0,4.96858215332031,"No","lb1"
"298","q23",37,47,47.42477,31.19839,4,0,14.0371627807617,"No","lb1"
"299","q23",37,48,124.84394,42.674841,4,0,-0.253007501363754,"No","lb1"
"300","q23",37,51,54.44906,20.98747,4,0,10.3257036209106,"No","lb1"
"301","q23",38,39,152.397538,219.19776,5,0,5.20940637588501,"No","lb1"
"302","q23",38,40,130.14622,282.09855,5,0,15.1015014648438,"No","lb1"
"303","q23",38,43,45.16077,82.7643,5,0,13.3928861618042,"No","lb1"
"304","q23",38,44,102.26799,132.86787,5,0,3.95768189430237,"No","lb1"
"305","q23",38,47,46.85789,47.42477,5,0,11.6141967773438,"No","lb1"
"306","q23",38,48,105.4813,124.84394,5,0,-0.514427661895752,"No","lb1"
"307","q23",38,51,28.15188,54.44906,5,0,9.52562141418457,"No","lb1"
"308","q23",39,40,10.739904,130.14622,6,0,22.0792694091797,"No","lb1"
"309","q23",39,44,17.453606,102.26799,6,0,5.6075325012207,"No","lb1"
"310","q23",39,47,12.54792,46.85789,6,0,14.1544179916382,"No","lb1"
"311","q23",39,48,30.047697,105.4813,6,0,-0.182139813899994,"No","lb1"
"312","q23",40,48,143.259,30.047697,7,0,-0.864393711090088,"No","lb1"
"313","q23",41,48,546.9654,143.259,8,0,-0.44095852971077,"No","lb1"
"314","q23",42,48,448.2677,546.9654,9,0,-0.880105972290039,"No","lb1"
"315","q23",43,48,603.4446,448.2677,10,0,-0.672384321689606,"No","lb1"
"316","q23",44,48,349.251509,603.4446,11,0,0.0578407719731331,"No","lb1"
"317","q23",44,59,314.854,467.5706,1,0,9.00656032562256,"No","lb1"
"318","q23",45,48,439.92818,349.251509,12,0,-0.898426949977875,"No","lb1"
"319","q23",45,59,379.9847,314.854,2,0,8.8524112701416,"No","lb1"
"320","q23",46,48,532.9885,439.92818,13,0,-0.953496634960175,"No","lb1"
"321","q23",46,59,690.9562,379.9847,3,0,5.34137058258057,"No","lb1"
"322","q23",47,48,681.7931,532.9885,14,0,-0.472323149442673,"No","lb1"
"323","q23",47,59,809.8574,690.9562,4,0,3.35210967063904,"No","lb1"
"324","q23",48,48,595.48473,681.7931,15,0,-0.366330564022064,"No","lb1"
"325","q23",48,59,718.4116,809.8574,5,0,0.739606499671936,"No","lb1"
"326","q23",48,60,14.99163,16.53938,1,1,-0.226737976074219,"No","lb1"
"327","q23",49,48,789.1005,595.48473,16,0,-0.23529115319252,"No","lb1"
"328","q23",49,59,1137.711,718.4116,6,0,2.13858914375305,"No","lb1"
"329","q23",49,60,57.33221,14.99163,2,1,-0.943916320800781,"No","lb1"
"330","q23",50,48,678.4931,789.1005,17,0,-1.53603136539459,"No","lb1"
"331","q23",50,59,897.4564,1137.711,7,0,4.34758377075195,"No","lb1"
"332","q23",50,60,56.91028,57.33221,3,0,-1.27749633789062,"No","lb1"
"333","q23",50,61,4.102083,3.007841,1,0,4.32278823852539,"No","lb1"
"334","q23",51,48,741.4994,678.4931,18,0,-0.153496101498604,"No","lb1"
"335","q23",51,59,1140.99008,897.4564,8,0,6.77306461334229,"No","lb1"
"336","q23",51,60,146.230407,56.91028,4,0,-0.160797119140625,"No","lb1"
"337","q23",51,61,24.095694,4.102083,2,1,3.07702779769897,"No","lb1"
"338","q23",51,62,56.24306,7.374501,1,0,1.71516418457031,"No","lb1"
"339","q23",51,65,3.86581,2.247504,1,0,16.3559894561768,"No","lb1"
"340","q23",52,48,1012.08,741.4994,19,0,-0.0751026123762131,"No","lb1"
"341","q23",52,59,1364.295,1140.99008,9,0,2.7049925327301,"No","lb1"
"342","q23",52,60,185.0866,146.230407,5,0,-0.147165685892105,"No","lb1"
"343","q23",52,61,36.77694,24.095694,3,1,-0.0985109061002731,"No","lb1"
"344","q23",52,62,58.64492,56.24306,2,0,0.0274276733398438,"No","lb1"
"345","q23",52,74,32.42845,9.836246,1,0,5.81759643554688,"No","lb1"
"346","q23",53,48,969.759312,1012.08,20,0,0.00647238036617637,"No","lb1"
"347","q23",53,59,1099.89589,1364.295,10,0,4.23583602905273,"No","lb1"
"348","q23",53,60,157.74073,185.0866,6,0,-0.0231756698340178,"No","lb1"
"349","q23",53,62,54.37386,58.64492,3,0,-0.0793609619140625,"No","lb1"
"350","q23",53,74,14.67175,32.42845,2,0,-0.033172607421875,"No","lb1"
"351","q23",54,48,953.3151,969.759312,21,0,-0.317046821117401,"No","lb1"
"352","q23",54,59,1271.52507,1099.89589,11,0,-0.184913635253906,"No","lb1"
"353","q23",54,60,193.49044,157.74073,7,0,0.133110046386719,"No","lb1"
"354","q23",54,62,87.98772,54.37386,4,0,-0.0829315185546875,"No","lb1"
"355","q23",54,74,47.14701,14.67175,3,1,-0.0288467407226562,"No","lb1"
"356","q23",55,48,947.630906,953.3151,22,0,0.0690935924649239,"No","lb1"
"357","q23",55,59,1237.961,1271.52507,12,0,0.0811614990234375,"No","lb1"
"358","q23",55,60,152.8742,193.49044,8,0,-0.134068846702576,"No","lb1"
"359","q23",55,62,83.6854,87.98772,5,0,-0.194061279296875,"No","lb1"
"360","q23",55,74,56.56297,47.14701,4,0,-0.047882080078125,"No","lb1"
"361","q23",55,78,0.7163137,5.349626,1,0,12.7000350952148,"No","lb1"
"362","q23",56,48,1024.782,947.630906,23,0,-0.195037320256233,"No","lb1"
"363","q23",56,59,1428.96474,1237.961,13,0,2.48208999633789,"No","lb1"
"364","q23",56,60,248.7595,152.8742,9,0,-0.0556564331054688,"No","lb1"
"365","q23",56,62,207.9452,83.6854,6,0,1.41139984130859,"No","lb1"
"366","q23",56,74,92.78923,56.56297,5,0,1.39407348632812,"No","lb1"
"367","q23",57,48,1160.657,1024.782,24,0,-0.0320950448513031,"No","lb1"
"368","q23",57,59,1456.281,1428.96474,14,0,0.196128845214844,"No","lb1"
"369","q23",57,60,189.2114,248.7595,10,0,-0.479914635419846,"No","lb1"
"370","q23",57,62,286.1928,207.9452,7,0,0.0096435546875,"No","lb1"
"371","q23",58,48,1081.152,1160.657,25,0,0.00622104527428746,"No","lb1"
"372","q23",58,59,1767.018,1456.281,15,0,-0.214731514453888,"No","lb1"
"373","q23",58,60,363.33,189.2114,11,0,-0.025821465998888,"No","lb1"
"374","q23",58,62,400.2052,286.1928,8,0,-0.21063232421875,"No","lb1"
"375","q23",59,48,1238.562,1081.152,26,0,0.0651255249977112,"No","lb1"
"376","q23",59,59,1525.471,1767.018,16,0,0.1036376953125,"No","lb1"
"377","q23",59,62,469.3884,400.2052,9,0,-0.163291931152344,"No","lb1"
"378","q23",60,48,1151.639,1238.562,27,0,-1.56119334697723,"No","lb1"
"379","q23",60,59,1616.60767,1525.471,17,0,-0.42742919921875,"No","lb1"
"380","q23",60,62,463.4653,469.3884,10,0,0.175140380859375,"No","lb1"
"381","q23",61,48,1380.512,1151.639,28,0,-0.360573887825012,"No","lb1"
"382","q23",61,59,2048.229,1616.60767,18,0,0.254575669765472,"No","lb1"
"383","q23",61,60,640.153,349.4144,14,0,-1.21717882156372,"No","lb1"
"384","q23",61,62,708.3683,463.4653,11,0,0.00713348388671875,"No","lb1"
"385","q23",64,48,1303.974,563.5219,31,0,-0.448112696409225,"No","lb1"
"386","q23",64,59,1763.073,1159.836,21,0,-0.4542236328125,"No","lb1"
"387","q23",64,60,573.3913,335.75753,17,0,-0.317703247070312,"No","lb1"
"388","q23",64,62,771.2746,1609.652,14,0,0.210006713867188,"No","lb1"
"389","q23",65,48,1277.527,1303.974,32,0,-1.14791905879974,"No","lb1"
"390","q23",65,59,2055.925,1763.073,22,0,-1.08544051647186,"No","lb1"
"391","q23",65,60,601.9054,573.3913,18,0,0.642993032932281,"No","lb1"
"392","q23",65,62,599.0078,771.2746,15,0,-0.948486328125,"No","lb1"
"393","q23",66,48,1326.781,1277.527,33,0,-0.136540159583092,"No","lb1"
"394","q23",66,59,2017.097,2055.925,23,0,-0.236711114645004,"No","lb1"
"395","q23",66,60,573.3008,601.9054,19,0,0.0729994252324104,"No","lb1"
"396","q23",66,62,661.2009,599.0078,16,0,-0.167640686035156,"No","lb1"
"397","q23",67,48,1278.008,1326.781,34,0,-0.755045056343079,"No","lb1"
"398","q23",67,59,1979.454,2017.097,24,0,-0.394973754882812,"No","lb1"
"399","q23",67,60,542.118,573.3008,20,0,-0.767173767089844,"No","lb1"
"400","q23",67,62,520.0729,661.2009,17,0,0.0997695922851562,"No","lb1"
"401","q23",70,48,1191.099,1331.058,37,0,-0.0758841559290886,"No","lb1"
"402","q23",70,59,2350.004,2109.919,27,0,0.0320783443748951,"No","lb1"
"403","q23",70,60,538.3787,607.0753,23,0,-0.560783505439758,"No","lb1"
"404","q23",70,62,1284.1239,697.6589,20,0,0.00153350830078125,"No","lb1"
"405","q23",71,48,1139.903,1191.099,38,0,0.140095412731171,"No","lb1"
"406","q23",71,59,1437.4331,2350.004,28,0,-0.872688889503479,"No","lb1"
"407","q23",71,60,555.629,538.3787,24,0,-0.479112327098846,"No","lb1"
"408","q23",71,62,717.9967,1284.1239,21,0,-0.855812072753906,"No","lb1"
"409","q24",34,30,210.8398,136.7072,1,0,6.71151733398438,"No","lb1"
"410","q24",34,31,210.5024,298.1744,1,0,1.48301696777344,"No","lb1"
"411","q24",34,33,238.6949,146.9892,1,0,16.2663116455078,"No","lb1"
"412","q24",34,34,528.1587,513.0405,1,0,1.48075103759766,"No","lb1"
"413","q24",34,35,12.69701,45.17104,1,0,24.2673492431641,"No","lb1"
"414","q24",34,40,46.64932,42.6406,1,0,26.7059097290039,"No","lb1"
"415","q24",34,41,89.45133,122.4753,1,0,28.3836364746094,"No","lb1"
"416","q24",34,42,162.558404,228.9032,1,0,7.22242736816406,"No","lb1"
"417","q24",34,43,59.5731,71.62048,1,0,24.5396575927734,"No","lb1"
"418","q24",34,44,400.152267,313.5121,1,0,7.76746368408203,"No","lb1"
"419","q24",34,47,157.16871,60.09627,1,0,3.25091552734375,"No","lb1"
"420","q24",34,48,108.3735,117.4962,1,0,0.00045013427734375,"No","lb1"
"421","q24",34,50,41.64705,63.9039,1,0,-0.00048065185546875,"No","lb1"
"422","q24",35,30,91.112219,210.8398,2,0,5.69577789306641,"No","lb1"
"423","q24",35,31,157.194488,210.5024,2,0,-0.320137023925781,"No","lb1"
"424","q24",35,33,112.053543,238.6949,2,0,17.7943878173828,"No","lb1"
"425","q24",35,34,147.098233,528.1587,2,0,-0.252125412225723,"No","lb1"
"426","q24",35,35,11.24104,12.69701,2,0,31.8661651611328,"No","lb1"
"427","q24",35,40,43.5231,46.64932,2,0,27.9133529663086,"No","lb1"
"428","q24",35,41,57.917749,89.45133,2,0,30.1434688568115,"No","lb1"
"429","q24",35,42,46.324641,162.558404,2,0,0.23747481405735,"No","lb1"
"430","q24",35,43,50.708364,59.5731,2,0,25.2202491760254,"No","lb1"
"431","q24",35,44,208.277881,400.152267,2,0,4.8122706413269,"No","lb1"
"432","q24",35,47,23.6228985,157.16871,2,0,0.179214477539062,"No","lb1"
"433","q24",35,48,57.4919,108.3735,2,0,0.196953430771828,"No","lb1"
"434","q24",35,50,61.26419,41.64705,2,1,0.521077692508698,"No","lb1"
"435","q24",36,30,78.19946,91.112219,3,0,6.10572052001953,"No","lb1"
"436","q24",36,31,94.005733,157.194488,3,0,2.40548706054688,"No","lb1"
"437","q24",36,33,56.17741,112.053543,3,0,12.722412109375,"No","lb1"
"438","q24",36,34,48.18896,147.098233,3,0,-0.022069901227951,"No","lb1"
"439","q24",36,35,15.20415,11.24104,3,0,30.3735198974609,"No","lb1"
"440","q24",36,41,43.154506,57.917749,3,0,28.7906341552734,"No","lb1"
"441","q24",36,42,33.77009,46.324641,3,0,17.5191230773926,"No","lb1"
"442","q24",36,43,14.34028,50.708364,3,0,24.823034286499,"No","lb1"
"443","q24",36,44,167.279265,208.277881,3,0,7.88126850128174,"No","lb1"
"444","q24",36,47,7.266639,23.6228985,3,0,-0.171638488769531,"No","lb1"
"445","q24",36,50,45.35167,61.26419,3,0,-0.0776402279734612,"No","lb1"
"446","q24",37,30,66.25287,78.19946,4,0,5.70143890380859,"No","lb1"
"447","q24",37,31,70.85569,94.005733,4,0,3.78427886962891,"No","lb1"
"448","q24",37,33,38.45494,56.17741,4,0,18.0329055786133,"No","lb1"
"449","q24",37,35,21.87011,15.20415,4,0,32.5989990234375,"No","lb1"
"450","q24",37,41,48.612862,43.154506,4,0,29.0761241912842,"No","lb1"
"451","q24",37,42,16.79118,33.77009,4,0,16.4936389923096,"No","lb1"
"452","q24",37,44,80.74205,167.279265,4,0,8.20230770111084,"No","lb1"
"453","q24",37,50,65.39909,45.35167,4,0,0.0736869648098946,"No","lb1"
"454","q24",38,30,50.89116,66.25287,5,0,15.7811126708984,"No","lb1"
"455","q24",38,31,87.61403,70.85569,5,0,13.0179977416992,"No","lb1"
"456","q24",38,44,98.50189,80.74205,5,0,8.19483947753906,"No","lb1"
"457","q24",38,50,64.28315,65.39909,5,0,-0.05196588113904,"No","lb1"
"458","q24",42,57,34.66669,3.456496,1,1,1.291748046875,"No","lb1"
"459","q24",43,57,12.91068,34.66669,2,0,1.99783325195312,"No","lb1"
"460","q24",43,58,32.52087,23.02851,1,0,28.4730472564697,"No","lb1"
"461","q24",44,58,34.49152,32.52087,2,0,29.2319068908691,"No","lb1"
"462","q24",45,58,78.92684,34.49152,3,0,28.520601272583,"No","lb1"
"463","q24",46,57,24.13064,3.26134,5,1,-0.0526504516601562,"No","lb1"
"464","q24",46,58,143.17,78.92684,4,0,25.7421417236328,"No","lb1"
"465","q24",47,57,26.65935,24.13064,6,0,-0.511550903320312,"No","lb1"
"466","q24",47,58,203.1753,143.17,5,0,20.722843170166,"No","lb1"
"467","q24",48,58,145.4471,203.1753,6,0,19.560396194458,"No","lb1"
"468","q24",49,58,75.55061,145.4471,7,0,20.878532409668,"No","lb1"
"469","q24",50,58,207.1861,75.55061,8,0,31.1058940887451,"No","lb1"
"470","q24",50,60,37.87227,6.834736,1,0,15.8178405761719,"No","lb1"
"471","q24",51,58,186.929781,207.1861,9,0,26.7284984588623,"No","lb1"
"472","q24",51,60,71.18986,37.87227,2,0,22.1902770996094,"No","lb1"
"473","q24",51,62,73.20116,6.595959,1,0,4.2374267578125,"No","lb1"
"474","q24",51,63,7.218949,6.518375,1,1,1.80510556697845,"No","lb1"
"475","q24",51,64,17.02576,20.51914,1,0,-0.0734312459826469,"No","lb1"
"476","q24",51,65,44.51796,21.99259,1,0,27.3667144775391,"No","lb1"
"477","q24",51,67,15.4309,7.550363,1,0,25.3361053466797,"No","lb1"
"478","q24",51,68,14.11681,0.7234629,1,0,22.3915710449219,"No","lb1"
"479","q24",51,70,7.766275,1.565503,1,0,13.4081315994263,"No","lb1"
"480","q24",51,71,31.26837,7.181831,1,0,9.8328914642334,"No","lb1"
"481","q24",52,58,239.6464,186.929781,10,0,21.3597755432129,"No","lb1"
"482","q24",52,60,169.1175,71.18986,3,0,21.8059310913086,"No","lb1"
"483","q24",52,62,20.004469,73.20116,2,0,-2.15013122558594,"No","lb1"
"484","q24",52,65,45.24806,44.51796,2,0,26.1765213012695,"No","lb1"
"485","q24",52,67,15.02941,15.4309,2,0,26.4037551879883,"No","lb1"
"486","q24",52,71,4.154016,31.26837,2,0,4.17920017242432,"No","lb1"
"487","q24",52,93,2.959524,3.870652,1,0,20.0607833862305,"No","lb1"
"488","q24",53,58,237.937,239.6464,11,0,25.5739784240723,"No","lb1"
"489","q24",53,60,137.1056,169.1175,4,0,15.0601119995117,"No","lb1"
"490","q24",53,62,42.49775,20.004469,3,0,-0.836700439453125,"No","lb1"
"491","q24",53,65,36.15615,45.24806,3,0,22.1134033203125,"No","lb1"
"492","q24",53,67,48.57531,15.02941,3,0,25.9650039672852,"No","lb1"
"493","q24",53,71,16.832427,4.154016,3,0,9.81243801116943,"No","lb1"
"494","q24",54,58,239.3919,237.937,12,0,21.2315635681152,"No","lb1"
"495","q24",54,60,184.6064,137.1056,5,0,20.0103149414062,"No","lb1"
"496","q24",54,62,10.38226,42.49775,4,0,-0.118830338120461,"No","lb1"
"497","q24",54,63,18.07579,16.48322,4,1,0.548716366291046,"No","lb1"
"498","q24",54,64,63.40109,21.50054,4,1,-0.0506631806492805,"No","lb1"
"499","q24",54,65,100.3176,36.15615,4,0,24.1614074707031,"No","lb1"
"500","q24",54,67,108.0476,48.57531,4,0,25.3751220703125,"No","lb1"
"501","q24",54,71,22.79377,16.832427,4,0,2.02482008934021,"No","lb1"
"502","q24",54,98,9.000609,5.975759,1,1,0.700195670127869,"No","lb1"
"503","q24",55,58,303.3957,239.3919,13,0,24.2698135375977,"No","lb1"
"504","q24",55,60,203.475,184.6064,6,0,17.5497665405273,"No","lb1"
"505","q24",55,62,28.66379,10.38226,5,0,-0.118325740098953,"No","lb1"
"506","q24",55,63,29.26005,18.07579,5,0,5.7270941734314,"No","lb1"
"507","q24",55,64,26.57711,63.40109,5,0,-0.0641446560621262,"No","lb1"
"508","q24",55,65,96.86047,100.3176,5,0,23.5138473510742,"No","lb1"
"509","q24",55,67,164.93695,108.0476,5,0,22.0269393920898,"No","lb1"
"510","q24",55,71,44.9366,22.79377,5,0,5.11437559127808,"No","lb1"
"511","q24",56,58,431.1226,303.3957,14,0,21.9167251586914,"No","lb1"
"512","q24",56,60,356.2205,203.475,7,0,20.8884963989258,"No","lb1"
"513","q24",56,62,14.33598,28.66379,6,1,-1.01476287841797,"No","lb1"
"514","q24",56,64,50.78438,26.57711,6,0,1.2126088142395,"No","lb1"
"515","q24",56,65,69.46737,96.86047,6,0,25.0177230834961,"No","lb1"
"516","q24",56,67,138.5445,164.93695,6,0,12.130729675293,"No","lb1"
"517","q24",56,71,46.26785,44.9366,6,0,3.85042524337769,"No","lb1"
"518","q24",57,100,12.68119,25.82504,3,0,0.762914419174194,"No","lb1"
"519","q24",57,58,369.6099,431.1226,15,0,22.3573055267334,"No","lb1"
"520","q24",57,60,323.3842,356.2205,8,0,14.0441207885742,"No","lb1"
"521","q24",57,62,8.439028,14.33598,7,1,-0.96248060464859,"No","lb1"
"522","q24",57,64,22.88803,50.78438,7,0,-0.233554407954216,"No","lb1"
"523","q24",57,65,125.3615,69.46737,7,0,24.2207794189453,"No","lb1"
"524","q24",57,67,157.2235,138.5445,7,0,21.234748840332,"No","lb1"
"525","q24",57,71,40.43372,46.26785,7,0,4.42088317871094,"No","lb1"
"526","q24",58,100,7.642251,12.68119,4,1,-0.13841138780117,"No","lb1"
"527","q24",58,58,304.5139,369.6099,16,0,23.1889533996582,"No","lb1"
"528","q24",58,60,255.301456,323.3842,9,0,15.6393966674805,"No","lb1"
"529","q24",58,63,68.47542,32.55632,8,0,3.91538500785828,"No","lb1"
"530","q24",58,64,107.18556,22.88803,8,0,3.54790782928467,"No","lb1"
"531","q24",58,65,66.99928,125.3615,8,0,20.4540481567383,"No","lb1"
"532","q24",58,67,106.9362,157.2235,8,0,21.1272506713867,"No","lb1"
"533","q24",58,71,50.27035,40.43372,8,0,5.22230195999146,"No","lb1"
"534","q24",59,100,21.7192,7.642251,5,1,0.0733941718935966,"No","lb1"
"535","q24",59,103,5.482027,13.46346,1,0,6.47336769104004,"No","lb1"
"536","q24",59,58,313.7736,304.5139,17,0,25.406982421875,"No","lb1"
"537","q24",59,60,249.9325,255.301456,10,0,7.62312316894531,"No","lb1"
"538","q24",59,63,62.64029,68.47542,9,0,0.225318908691406,"No","lb1"
"539","q24",59,64,34.377441,107.18556,9,0,0.159403964877129,"No","lb1"
"540","q24",59,65,113.0742,66.99928,9,0,24.0226135253906,"No","lb1"
"541","q24",59,67,65.41845,106.9362,9,0,17.3698654174805,"No","lb1"
"542","q24",59,71,58.72155,50.27035,9,0,1.70707893371582,"No","lb1"
"543","q24",60,100,99.21832,21.7192,6,1,-0.424056112766266,"No","lb1"
"544","q24",60,103,58.56306,5.482027,2,0,5.36393880844116,"No","lb1"
"545","q24",60,58,495.1586,313.7736,18,0,24.1539573669434,"No","lb1"
"546","q24",60,60,1014.892,249.9325,11,0,17.8124008178711,"No","lb1"
"547","q24",60,63,72.15936,62.64029,10,0,5.81395530700684,"No","lb1"
"548","q24",60,64,148.03009,34.377441,10,0,1.78729331493378,"No","lb1"
"549","q24",60,67,128.972,65.41845,10,0,18.895378112793,"No","lb1"
"550","q24",60,71,76.97117,58.72155,10,0,3.09091544151306,"No","lb1"
"551","q24",61,100,33.90264,99.21832,7,0,-0.012076479382813,"No","lb1"
"552","q24",61,103,61.11191,58.56306,3,0,1.74772500991821,"No","lb1"
"553","q24",61,58,576.1819,495.1586,19,0,19.661096572876,"No","lb1"
"554","q24",61,60,766.1276,1014.892,12,0,11.968017578125,"No","lb1"
"555","q24",61,63,265.5106,72.15936,11,0,-0.546953082084656,"No","lb1"
"556","q24",61,67,314.5516,128.972,11,0,17.9443130493164,"No","lb1"
"557","q24",64,103,142.1064,108.4882,6,0,10.6745080947876,"No","lb1"
"558","q24",64,106,171.3031,187.6435,3,0,4.56388854980469,"No","lb1"
"559","q24",64,107,112.0638,114.4537,1,0,-0.0456235893070698,"No","lb1"
"560","q24",64,58,513.4926,333.7523,22,0,16.210599899292,"No","lb1"
"561","q24",64,60,961.2954,1216.215,15,0,2.87260437011719,"No","lb1"
"562","q24",64,63,606.3874,270.8589,14,0,0.0233292281627655,"No","lb1"
"563","q24",64,67,180.9543,262.0533,14,0,12.3947982788086,"No","lb1"
"564","q24",65,103,70.19505,142.1064,7,0,-0.0287574306130409,"No","lb1"
"565","q24",65,106,154.6131273,171.3031,4,0,-0.351634174585342,"No","lb1"
"566","q24",65,107,52.76915,112.0638,2,0,0.262949228286743,"No","lb1"
"567","q24",65,108,30.44234,36.06948,1,0,0.0798517242074013,"No","lb1"
"568","q24",65,58,518.373,513.4926,23,0,23.0438690185547,"No","lb1"
"569","q24",65,60,893.28697,961.2954,16,0,8.68913269042969,"No","lb1"
"570","q24",65,63,227.39307,606.3874,15,0,-0.066709853708744,"No","lb1"
"571","q24",65,67,269.0291,180.9543,15,0,18.2689208984375,"No","lb1"
"572","q24",66,103,103.8541,70.19505,8,0,4.78122806549072,"No","lb1"
"573","q24",66,106,261.428,154.6131273,5,0,3.06683349609375,"No","lb1"
"574","q24",66,107,23.464114,52.76915,3,0,2.07265496253967,"No","lb1"
"575","q24",66,108,27.46766,30.44234,2,0,2.10140752792358,"No","lb1"
"576","q24",66,58,516.3962,518.373,24,0,20.6124000549316,"No","lb1"
"577","q24",66,60,1312.231236,893.28697,17,0,1.95813751220703,"No","lb1"
"578","q24",66,63,208.27083,227.39307,16,0,-1.82467651367188,"No","lb1"
"579","q24",66,67,187.95302,269.0291,16,0,16.2690734863281,"No","lb1"
"580","q24",67,103,107.9579,103.8541,9,0,3.02026438713074,"No","lb1"
"581","q24",67,106,165.745,261.428,6,0,-0.0509230755269527,"No","lb1"
"582","q24",67,107,73.29728,23.464114,4,0,4.17122793197632,"No","lb1"
"583","q24",67,108,28.77738,27.46766,3,0,0.0162290092557669,"No","lb1"
"584","q24",67,58,549.7452,516.3962,25,0,19.0818672180176,"No","lb1"
"585","q24",67,60,943.1946,1312.231236,18,0,-0.036346435546875,"No","lb1"
"586","q24",67,63,390.90995,208.27083,17,0,0.0405120849609375,"No","lb1"
"587","q24",67,67,34.0792,187.95302,17,0,19.4669723510742,"No","lb1"
"588","q24",70,103,295.34379,264.67458,12,0,-0.10125844180584,"No","lb1"
"589","q24",70,106,474.3694,327.5471,9,0,-0.311595678329468,"No","lb1"
"590","q24",70,58,812.1799,526.1351,28,0,22.7108154296875,"No","lb1"
"591","q24",70,60,1311.914,1172.157,21,0,4.89705657958984,"No","lb1"
"592","q24",70,63,477.4886,295.2382614,20,0,-0.149312928318977,"No","lb1"
"593","q24",70,67,417.66632,275.89423,20,0,15.3728408813477,"No","lb1"
"594","q24",71,103,304.3800005,295.34379,13,0,-0.0260407142341137,"No","lb1"
"595","q24",71,106,357.7,474.3694,10,0,0.033182218670845,"No","lb1"
"596","q24",71,58,313.1325032,812.1799,29,0,11.659423828125,"No","lb1"
"597","q24",71,60,1142.145,1311.914,22,0,8.65090179443359,"No","lb1"
"598","q24",71,63,345.5725,477.4886,21,0,-0.0623092651367188,"No","lb1"
"599","q24",71,67,245.05999,417.66632,21,0,18.2143630981445,"No","lb1"
"600","q25",34,15,509.827456,2247.336,1,0,-0.0450210571289062,"No","bb1"
"601","q25",34,16,449.400328,1133.215,1,0,-0.00449371337890625,"No","bb1"
"602","q25",34,18,79.77996,125.2145,1,0,30.1637306213379,"No","bb1"
"603","q25",34,19,40.241396,81.63118,1,0,33.5608978271484,"No","bb1"
"604","q25",34,20,248.882918,748.1061,1,0,0.00376134575344622,"No","bb1"
"605","q25",34,21,335.11115,396.7025,1,0,-0.109967611730099,"No","bb1"
"606","q25",35,15,240.925938,509.827456,2,0,-0.0591964721679688,"No","bb1"
"607","q25",35,16,262.456702,449.400328,2,0,0.0280075073242188,"No","bb1"
"608","q25",35,18,34.775562,79.77996,2,0,27.2356262207031,"No","bb1"
"609","q25",35,20,75.380912,248.882918,2,0,0.00828485749661922,"No","bb1"
"610","q25",35,21,220.571681,335.11115,2,0,0.0161743853241205,"No","bb1"
"611","q25",36,15,28.646642,240.925938,3,0,-0.112831115722656,"No","bb1"
"612","q25",36,16,45.128553,262.456702,3,0,-0.102439880371094,"No","bb1"
"613","q25",36,20,39.37643,75.380912,3,0,6.33030891418457,"No","bb1"
"614","q25",36,21,99.957845,220.571681,3,0,-0.127259716391563,"No","bb1"
"615","q25",37,15,83.69111,28.646642,4,0,6.14411163330078,"No","bb1"
"616","q25",37,16,83.203749,45.128553,4,0,-0.07232666015625,"No","bb1"
"617","q25",37,20,35.34218,39.37643,4,0,18.3784770965576,"No","bb1"
"618","q25",38,16,38.91933,83.203749,5,0,-0.558319091796875,"No","bb1"
"619","q25",38,20,7.395667,35.34218,5,0,17.8531379699707,"No","bb1"
"620","q27",34,101,7.093361,33.82298,1,0,38.5867767333984,"No","bb1"
"621","q27",34,102,6.264652,16.95533,1,0,18.6272735595703,"No","bb1"
"622","q27",34,106,7.505043,17.72487,1,0,7.10923004150391,"No","bb1"
"623","q27",34,107,8.653608,11.73679,1,0,27.8549842834473,"No","bb1"
"624","q27",34,108,7.51848,18.98647,1,0,19.8358840942383,"No","bb1"
"625","q27",34,109,5.970443,138.8737,1,0,-0.0260772705078125,"No","bb1"
"626","q27",34,111,29.99802,268.6173,1,0,13.685905456543,"No","bb1"
"627","q27",34,112,13.44196,46.68571,1,0,27.0623683929443,"No","bb1"
"628","q27",34,113,49.351546,67.74079,1,0,7.24239921569824,"No","bb1"
"629","q27",34,114,24.06426,82.24686,1,0,21.6722202301025,"No","bb1"
"630","q27",34,117,80.88831,72.58,1,0,10.8309783935547,"No","bb1"
"631","q27",34,119,119.29704,45.97358,1,0,19.7557201385498,"No","bb1"
"632","q27",34,121,6.528067,74.20315,1,0,13.9518375396729,"No","bb1"
"633","q27",34,123,26.31018,25.40424,1,0,1.37139129638672,"No","bb1"
"634","q27",34,128,26.095867,36.09604,1,0,-0.0484243966639042,"No","bb1"
"635","q27",34,129,12.33883,12.2032,1,0,6.75979232788086,"No","bb1"
"636","q27",34,130,23.19251,20.04292,1,0,3.93601036071777,"No","bb1"
"637","q27",34,64,16.55728,13.51868,1,1,0.0144424438476562,"No","bb1"
"638","q27",34,65,4.869492,32.1717,1,0,1.41548156738281,"No","bb1"
"639","q27",34,67,6.197568,8.251576,1,0,4.02178192138672,"No","bb1"
"640","q27",34,71,19.870714,26.07388,1,0,6.75588226318359,"No","bb1"
"641","q27",34,74,20.180101,13.03319,1,0,8.08840179443359,"No","bb1"
"642","q27",34,75,3.703237,21.03609,1,0,8.96350860595703,"No","bb1"
"643","q27",34,76,7.952687,14.60692,1,0,11.2781085968018,"No","bb1"
"644","q27",34,79,8.778699,10.2707,1,0,16.4870681762695,"No","bb1"
"645","q27",34,88,43.903045,18.01162,1,0,27.632209777832,"No","bb1"
"646","q27",34,91,48.88703,30.70455,1,0,20.0370445251465,"No","bb1"
"647","q27",34,93,8.76878,12.9692,1,0,3.6392822265625,"No","bb1"
"648","q27",34,99,23.660549,12.20773,1,0,3.47001218795776,"No","bb1"
"649","q27",35,111,90.44181,29.99802,2,0,37.3221321105957,"No","bb1"
"650","q27",35,114,27.08556,24.06426,2,0,20.0279350280762,"No","bb1"
"651","q27",35,121,64.786316,6.528067,2,0,19.8091850280762,"No","bb1"
"652","q27",35,128,7.071856,26.095867,2,0,-0.00693099992349744,"No","bb1"
"653","q27",35,132,18.90018,33.89123,1,0,13.7456359863281,"No","bb1"
"654","q27",35,71,12.77552,19.870714,2,0,6.88986968994141,"No","bb1"
"655","q28",34,48,33.879502,298.7983,1,0,0.718353271484375,"No","bb1"
"656","q28",34,51,80.752511,144.6796,1,0,-0.00299072265625,"No","bb1"
"657","q28",34,52,50.38118,604.361,1,0,13.0936555862427,"No","bb1"
"658","q28",34,54,27.01385,161.7851,1,0,15.7228393554688,"No","bb1"
"659","q28",34,56,89.37204,24.98428,1,0,8.72399711608887,"No","bb1"
"660","q28",34,58,15.268168,296.8452,1,0,2.25981307029724,"No","bb1"
"661","q28",34,60,2.646236,143.3432,1,0,0.00901799369603395,"No","bb1"
"662","q30",35,102,8.387375,19.68254,1,0,25.4200210571289,"No","lb2"
"663","q30",35,103,12.827592,51.95749,1,0,27.0386047363281,"No","lb2"
"664","q30",35,104,3.921815,32.47943,1,0,33.6974411010742,"No","lb2"
"665","q30",35,106,16.18286,23.4365,1,0,35.6053695678711,"No","lb2"
"666","q30",35,108,16.337704,11.05271,1,0,11.8723201751709,"No","lb2"
"667","q30",35,109,21.796321,59.69748,1,0,19.4095478057861,"No","lb2"
"668","q30",35,110,11.29607,33.1055,1,0,6.92230224609375,"No","lb2"
"669","q30",35,111,34.390105,103.1325,1,0,21.6078224182129,"No","lb2"
"670","q30",35,112,5.832182,16.80957,1,0,21.8660049438477,"No","lb2"
"671","q30",35,113,25.379552,78.74297,1,0,1.34846496582031,"No","lb2"
"672","q30",35,114,4.986064,31.60569,1,0,-0.0475911125540733,"No","lb2"
"673","q30",35,115,61.274666,112.8617,1,0,31.6930351257324,"No","lb2"
"674","q30",35,116,5.143516,17.89361,1,0,17.2202682495117,"No","lb2"
"675","q30",35,117,16.202186,44.28584,1,0,0.744140923023224,"No","lb2"
"676","q30",35,118,16.31388,34.32697,1,0,29.9995918273926,"No","lb2"
"677","q30",35,119,19.695643,14.65935,1,0,16.9647521972656,"No","lb2"
"678","q30",35,120,7.625501,17.78947,1,1,-0.139976501464844,"No","lb2"
"679","q30",35,121,41.118747,92.63274,1,0,3.09422540664673,"No","lb2"
"680","q30",35,123,24.58534,16.32446,1,0,10.2695083618164,"No","lb2"
"681","q30",35,124,26.133534,36.65199,1,0,21.6113510131836,"No","lb2"
"682","q30",35,126,11.911252,29.72709,1,0,5.33744812011719,"No","lb2"
"683","q30",35,127,21.077772,28.25954,1,0,9.50811672210693,"No","lb2"
"684","q30",35,128,10.87801,6.09511,1,0,4.95556497573853,"No","lb2"
"685","q30",35,129,11.41548,15.87065,1,0,3.67992544174194,"No","lb2"
"686","q30",35,130,55.808471,29.30104,1,0,1.27041459083557,"No","lb2"
"687","q30",35,131,4.703078,17.2214,1,1,0.971706092357635,"No","lb2"
"688","q30",35,92,1.909842,18.25594,1,0,0.786231994628906,"No","lb2"
"689","q30",35,95,5.21119,9.983697,1,0,6.98906707763672,"No","lb2"
"690","q30",35,97,77.72079,204.5523,1,0,13.4607162475586,"No","lb2"
"691","q30",35,98,14.800861,28.38227,1,0,5.1683349609375,"No","lb2"
"692","q30",35,99,7.60742,39.69053,1,0,14.6762084960938,"No","lb2"
"693","q30",36,103,9.206306,12.827592,2,0,26.5633773803711,"No","lb2"
"694","q30",36,104,9.742897,3.921815,2,0,37.6087684631348,"No","lb2"
"695","q30",36,106,17.517252,16.18286,2,0,36.3410835266113,"No","lb2"
"696","q30",36,108,9.510453,16.337704,2,0,9.46114730834961,"No","lb2"
"697","q30",36,109,14.12155,21.796321,2,0,16.4798526763916,"No","lb2"
"698","q30",36,111,6.032625,34.390105,2,0,17.3501453399658,"No","lb2"
"699","q30",36,112,7.150988,5.832182,2,0,20.9266204833984,"No","lb2"
"700","q30",36,113,10.89459,25.379552,2,0,3.73045349121094,"No","lb2"
"701","q30",36,115,20.010768,61.274666,2,0,25.4669628143311,"No","lb2"
"702","q30",36,117,25.347439,16.202186,2,0,-0.0457831285893917,"No","lb2"
"703","q30",36,118,9.871584,16.31388,2,0,28.0093383789062,"No","lb2"
"704","q30",36,120,7.373336,7.625501,2,1,0.889457702636719,"No","lb2"
"705","q30",36,121,6.384569,41.118747,2,0,6.04534959793091,"No","lb2"
"706","q30",36,123,11.003632,24.58534,2,0,6.71107482910156,"No","lb2"
"707","q30",36,124,22.94507,26.133534,2,0,16.0171604156494,"No","lb2"
"708","q30",36,126,7.399847,11.911252,2,0,5.75981140136719,"No","lb2"
"709","q30",36,127,12.55958,21.077772,2,0,10.6919374465942,"No","lb2"
"710","q30",36,129,11.66556,11.41548,2,0,6.36711549758911,"No","lb2"
"711","q30",36,130,31.839101,55.808471,2,0,0.378960847854614,"No","lb2"
"712","q30",36,131,5.701633,4.703078,2,1,-0.0896304920315742,"No","lb2"
"713","q30",36,133,15.32955,8.71474,1,0,17.3734970092773,"No","lb2"
"714","q30",36,97,78.09368,77.72079,2,0,5.51738739013672,"No","lb2"
"715","q30",36,98,29.12932,14.800861,2,0,6.73485565185547,"No","lb2"
"716","q30",37,104,4.777771,9.742897,3,0,39.8556671142578,"No","lb2"
"717","q30",37,106,6.449384,17.517252,3,0,34.814323425293,"No","lb2"
"718","q30",37,108,2.902805,9.510453,3,0,10.7610921859741,"No","lb2"
"719","q30",37,109,7.565409,14.12155,3,0,19.9314632415771,"No","lb2"
"720","q30",37,112,15.98577,7.150988,3,0,20.2475128173828,"No","lb2"
"721","q30",37,113,19.366063,10.89459,3,0,2.84449005126953,"No","lb2"
"722","q30",37,115,6.789728,20.010768,3,0,36.9328460693359,"No","lb2"
"723","q30",37,120,14.83036,7.373336,3,1,1.13314819335938,"No","lb2"
"724","q30",37,123,6.506799,11.003632,3,0,5.87928009033203,"No","lb2"
"725","q30",37,124,26.254355,22.94507,3,0,12.5135450363159,"No","lb2"
"726","q30",37,126,18.90231,7.399847,3,0,8.92367553710938,"No","lb2"
"727","q30",37,129,19.058259,11.66556,3,0,4.27964067459106,"No","lb2"
"728","q30",37,130,43.716206,31.839101,3,0,-0.366382986307144,"No","lb2"
"729","q30",37,131,2.854856,5.701633,3,1,-0.294580966234207,"No","lb2"
"730","q30",37,133,17.65594,15.32955,2,0,16.7584457397461,"No","lb2"
"731","q30",37,138,10.11526,7.151419,1,0,14.1052093505859,"No","lb2"
"732","q30",37,97,80.424986,78.09368,3,0,11.4443435668945,"No","lb2"
"733","q30",37,98,24.52909,29.12932,3,0,6.75302124023438,"No","lb2"
"734","q30",38,108,6.014274,2.902805,4,0,9.86921882629395,"No","lb2"
"735","q30",38,112,17.66776,15.98577,4,0,20.547721862793,"No","lb2"
"736","q30",38,115,25.561668,6.789728,4,0,36.3431701660156,"No","lb2"
"737","q30",38,119,20.471898,31.313611,4,0,18.5092868804932,"No","lb2"
"738","q30",38,124,15.577829,26.254355,4,0,19.5101871490479,"No","lb2"
"739","q30",38,129,2.583662,19.058259,4,0,1.97880971431732,"No","lb2"
"740","q30",38,130,22.804112,43.716206,4,0,0.197298184037209,"No","lb2"
"741","q30",38,133,18.48957,17.65594,3,0,16.7471389770508,"No","lb2"
"742","q30",38,97,16.842363,80.424986,4,0,14.8706741333008,"No","lb2"
"743","q30",39,108,3.94526,6.014274,5,0,10.3888378143311,"No","lb2"
"744","q30",39,112,7.809505,17.66776,5,0,20.1927947998047,"No","lb2"
"745","q30",39,117,5.816987,10.834604,5,1,0.704293191432953,"No","lb2"
"746","q30",39,119,3.525086,20.471898,5,0,18.310941696167,"No","lb2"
"747","q30",39,121,3.587711,13.539521,5,0,10.3930559158325,"No","lb2"
"748","q30",39,124,2.424755,15.577829,5,0,20.1793079376221,"No","lb2"
"749","q30",39,129,13.6226677,2.583662,5,0,11.7363300323486,"No","lb2"
"750","q30",39,130,2.988516,22.804112,5,0,0.286836862564087,"No","lb2"
"751","q30",39,133,5.256329,18.48957,4,0,17.2141647338867,"No","lb2"
"752","q30",39,148,6.625626,3.91845,1,0,24.4799156188965,"No","lb2"
"753","q30",39,150,5.470204,1.748184,1,0,4.12027454376221,"No","lb2"
"754","q30",40,112,32.69592,7.809505,6,0,22.2114410400391,"No","lb2"
"755","q30",40,148,23.01847,6.625626,2,0,16.1457042694092,"No","lb2"
"756","q30",41,112,50.48472,32.69592,7,0,18.7574615478516,"No","lb2"
"757","q30",42,112,58.13606,50.48472,8,0,21.4765701293945,"No","lb2"
"758","q30",42,130,24.34736,28.25812,8,0,2.52011728286743,"No","lb2"
"759","q30",43,112,54.34487,58.13606,9,0,19.0461349487305,"No","lb2"
"760","q30",43,130,44.8471,24.34736,9,0,0.0821485668420792,"No","lb2"
"761","q30",43,148,37.93447,43.39676,5,0,20.7304878234863,"No","lb2"
"762","q30",43,152,27.46003,14.50401,1,0,17.5939788818359,"No","lb2"
"763","q30",44,112,105.8604,54.34487,10,0,18.4664688110352,"No","lb2"
"764","q30",44,130,103.8193,44.8471,10,0,-0.0856246277689934,"No","lb2"
"765","q30",44,148,149.0494,37.93447,6,0,19.8226852416992,"No","lb2"
"766","q30",45,112,100.65982,105.8604,11,0,14.5103454589844,"No","lb2"
"767","q30",45,130,31.36474,103.8193,11,0,-0.0870079025626183,"No","lb2"
"768","q30",45,148,78.12856,149.0494,7,0,16.9126586914062,"No","lb2"
"769","q30",46,112,205.625,100.65982,12,0,18.3129501342773,"No","lb2"
"770","q30",46,130,52.89716,31.36474,12,0,0.207842499017715,"No","lb2"
"771","q30",46,148,137.7181,78.12856,8,0,18.751148223877,"No","lb2"
"772","q30",47,112,503.793,205.625,13,0,11.7358627319336,"No","lb2"
"773","q30",47,130,193.4286,52.89716,13,0,0.0568746887147427,"No","lb2"
"774","q30",47,148,239.0567,137.7181,9,0,15.3797273635864,"No","lb2"
"775","q30",48,112,21.88343,503.793,14,0,3.72981262207031,"No","lb2"
"776","q30",48,130,18.15296,193.4286,14,0,0.0399435795843601,"No","lb2"
"777","q30",48,148,200.29411,239.0567,10,0,18.9366207122803,"No","lb2"
"778","q30",49,112,114.2691,21.88343,15,0,15.5621185302734,"No","lb2"
"779","q30",49,130,27.14923,18.15296,15,0,1.39912295341492,"No","lb2"
"780","q30",49,148,155.7136,200.29411,11,0,16.2631969451904,"No","lb2"
"781","q30",50,112,176.4927,114.2691,16,0,17.8976516723633,"No","lb2"
"782","q30",50,130,101.1584,27.14923,16,0,5.58347511291504,"No","lb2"
"783","q30",50,148,113.051,155.7136,12,0,19.3583889007568,"No","lb2"
"784","q30",51,112,142.98138,176.4927,17,0,11.5141372680664,"No","lb2"
"785","q30",51,130,130.7482,101.1584,17,0,0.43294882774353,"No","lb2"
"786","q30",51,148,238.9516,113.051,13,0,18.0279006958008,"No","lb2"
"787","q30",52,112,489.2946,142.98138,18,0,14.9653625488281,"No","lb2"
"788","q30",52,130,252.7159,130.7482,18,0,0.0550791546702385,"No","lb2"
"789","q30",52,148,397.1261,238.9516,14,0,15.3087158203125,"No","lb2"
"790","q30",53,112,400.337,489.2946,19,0,9.97142791748047,"No","lb2"
"791","q30",53,130,137.017509,252.7159,19,0,0.0412303321063519,"No","lb2"
"792","q30",53,148,228.2518,397.1261,15,0,15.4689769744873,"No","lb2"
"793","q30",54,112,356.6945,400.337,20,0,8.79597473144531,"No","lb2"
"794","q30",54,130,215.1662,137.017509,20,0,0.0100588332861662,"No","lb2"
"795","q30",54,148,213.09614,228.2518,16,0,12.5332908630371,"No","lb2"
"796","q30",55,112,394.80955,356.6945,21,0,13.5193862915039,"No","lb2"
"797","q30",55,130,214.1376,215.1662,21,0,-0.12199542671442,"No","lb2"
"798","q30",55,148,134.6797,213.09614,17,0,16.8311176300049,"No","lb2"
"799","q30",56,112,447.8895,394.80955,22,0,6.88028717041016,"No","lb2"
"800","q30",56,130,124.7653,214.1376,22,0,-0.194471150636673,"No","lb2"
"801","q30",56,148,65.84335,134.6797,18,0,12.6202363967896,"No","lb2"
"802","q30",56,158,23.35798,23.78182,1,1,-0.00799075979739428,"No","lb2"
"803","q30",57,112,836.3032,447.8895,23,0,11.1197280883789,"No","lb2"
"804","q30",57,130,132.76721,124.7653,23,0,0.675537467002869,"No","lb2"
"805","q30",57,148,61.50401,65.84335,19,0,15.80588722229,"No","lb2"
"806","q30",58,112,896.53386,836.3032,24,0,4.04975128173828,"No","lb2"
"807","q30",58,130,348.0497,132.76721,24,0,0.0306593533605337,"No","lb2"
"808","q30",58,148,146.7764,61.50401,20,0,14.4026651382446,"No","lb2"
"809","q30",59,112,1244.22576,896.53386,25,0,6.00528717041016,"No","lb2"
"810","q30",59,130,322.63328,348.0497,25,0,-0.282471597194672,"No","lb2"
"811","q30",59,148,522.6315,146.7764,21,0,16.9252071380615,"No","lb2"
"812","q30",59,158,138.344,130.3533,4,0,5.92185068130493,"No","lb2"
"813","q30",59,163,21.85291,75.7903,1,0,0.607330322265625,"No","lb2"
"814","q30",59,167,22.16002,13.14715,1,0,0.361349403858185,"No","lb2"
"815","q30",59,168,50.08093,3.143405,1,1,0.209035858511925,"No","lb2"
"816","q30",60,112,815.36304,1244.22576,26,0,2.68801879882812,"No","lb2"
"817","q30",60,130,262.50261,322.63328,26,0,0.21799424290657,"No","lb2"
"818","q30",60,148,270.57059,522.6315,22,0,3.45979809761047,"No","lb2"
"819","q30",60,158,90.88952,138.344,5,0,0.853524625301361,"No","lb2"
"820","q30",60,167,49.02656,22.16002,2,0,0.31248739361763,"No","lb2"
"821","q30",61,112,784.301,815.36304,27,0,6.188232421875,"No","lb2"
"822","q30",61,130,372.977238,262.50261,27,0,1.47086405754089,"No","lb2"
"823","q30",61,148,28.7955546,270.57059,23,0,0.294373244047165,"No","lb2"
"824","q30",61,158,78.22617,90.88952,6,0,1.756023645401,"No","lb2"
"825","q30",61,160,6.125576,67.66752,5,0,23.4445419311523,"No","lb2"
"826","q30",61,167,17.397278,49.02656,3,0,-0.437919914722443,"No","lb2"
"827","q30",62,112,1230.167,784.301,28,0,7.24758148193359,"No","lb2"
"828","q30",62,130,725.0964,372.977238,28,0,0.0430331043899059,"No","lb2"
"829","q30",62,148,46.56168,28.7955546,24,0,20.796911239624,"No","lb2"
"830","q30",62,158,318.6696,78.22617,7,0,3.799968957901,"No","lb2"
"831","q30",62,160,16.26211,6.125576,6,0,28.0881805419922,"No","lb2"
"832","q30",63,112,722.9493,1230.167,29,0,-0.00634002685546875,"No","lb2"
"833","q30",63,130,495.8339,725.0964,29,0,0.0761288776993752,"No","lb2"
"834","q30",63,158,504.3366,318.6696,8,0,0.0802071392536163,"No","lb2"
"835","q30",63,160,15.12953,16.26211,7,0,28.1863346099854,"No","lb2"
"836","q30",64,112,756.20854,722.9493,30,0,5.43273162841797,"No","lb2"
"837","q30",64,130,66.300313,495.8339,30,0,-0.998901128768921,"No","lb2"
"838","q30",64,158,689.7595,504.3366,9,0,-0.354140549898148,"No","lb2"
"839","q30",65,112,188.02377,756.20854,31,0,-0.0683517456054688,"No","lb2"
"840","q30",65,130,239.18949,66.300313,31,0,2.61405944824219,"No","lb2"
"841","q30",65,148,82.28272,10.23602,27,0,28.6686706542969,"No","lb2"
"842","q30",65,158,144.110064,689.7595,10,0,-0.351264357566833,"No","lb2"
"843","q30",68,112,440.5244,166.26103,34,0,2.99452972412109,"No","lb2"
"844","q30",68,130,451.5678,188.04682,34,0,0.155921936035156,"No","lb2"
"845","q30",68,148,876.9856,149.15646,30,0,18.5978736877441,"No","lb2"
"846","q30",68,158,169.2345,13.79835,13,0,4.8071141242981,"No","lb2"
"847","q30",68,173,60.94065,17.28973,1,0,20.2212371826172,"No","lb2"
"848","q30",69,112,353.49904,440.5244,35,0,4.35253143310547,"No","lb2"
"849","q30",69,130,808.4006,451.5678,35,0,-0.0361779294908047,"No","lb2"
"850","q30",69,148,99.87996,876.9856,31,0,10.3145503997803,"No","lb2"
"851","q30",69,158,114.0921,169.2345,14,0,0.0084380516782403,"No","lb2"
"852","q30",70,112,304.8526,353.49904,36,0,-1.01290893554688,"No","lb2"
"853","q30",70,130,187.92746,808.4006,36,0,-2.26592230796814,"No","lb2"
"854","q30",70,148,160.00077,99.87996,32,0,19.70680809021,"No","lb2"
"855","q30",71,112,3729.043,304.8526,37,0,3.21596527099609,"No","lb2"
"856","q30",71,130,298.5204,187.92746,37,0,-0.2557233273983,"No","lb2"
"857","q30",71,175,96.5417,16.57062,1,0,8.48908519744873,"No","lb2"
"858","q31",35,47,22.56447,10.23434,1,0,5.45904541015625,"No","lb2"
"859","q31",35,53,28.35466,21.12461,1,0,31.138298034668,"No","lb2"
"860","q31",35,54,22.484733,9.603027,1,0,21.2679195404053,"No","lb2"
"861","q31",35,57,60.455261,53.33271,1,0,35.1945648193359,"No","lb2"
"862","q31",35,59,39.88435,44.51614,1,0,42.3135223388672,"No","lb2"
"863","q31",35,62,29.682398,52.25961,1,0,19.9857025146484,"No","lb2"
"864","q31",35,63,37.07544,66.40831,1,0,13.9289398193359,"No","lb2"
"865","q31",35,71,31.41413,36.71772,1,0,11.1133623123169,"No","lb2"
"866","q31",35,72,64.3065,48.03649,1,0,7.28053712844849,"No","lb2"
"867","q31",35,73,8.104859,29.20044,1,0,1.53949296474457,"No","lb2"
"868","q31",36,47,13.87766,22.56447,2,0,1.31635248661041,"No","lb2"
"869","q31",36,53,9.266711,28.35466,2,0,26.8163757324219,"No","lb2"
"870","q31",36,54,6.561976,22.484733,2,0,16.425630569458,"No","lb2"
"871","q31",36,57,23.31099,60.455261,2,0,35.1595001220703,"No","lb2"
"872","q31",36,63,17.018273,37.07544,2,0,19.6384124755859,"No","lb2"
"873","q31",36,72,44.17928,64.3065,2,0,8.44921970367432,"No","lb2"
"874","q31",36,73,7.70382,8.104859,2,1,-0.271438598632812,"No","lb2"
"875","q31",37,47,5.634075,13.87766,3,1,0.233590871095657,"No","lb2"
"876","q31",37,53,31.10967,9.266711,3,0,28.7067489624023,"No","lb2"
"877","q31",37,54,30.41835,6.561976,3,0,20.2451515197754,"No","lb2"
"878","q31",37,57,3.419326,23.31099,3,0,35.5878601074219,"No","lb2"
"879","q31",37,72,67.24506,44.17928,3,0,7.60247468948364,"No","lb2"
"880","q31",38,47,6.595001,5.634075,4,1,-0.0480804443359375,"No","lb2"
"881","q31",38,53,14.20751,31.10967,4,0,26.5366668701172,"No","lb2"
"882","q31",38,57,16.385,3.419326,4,0,44.442554473877,"No","lb2"
"883","q31",38,72,50.394997,67.24506,4,0,9.48972415924072,"No","lb2"
"884","q31",49,83,32.35971,56.26521,1,0,-0.0575103759765625,"No","lb2"
"885","q31",50,83,69.39876,32.35971,2,0,0.383926391601562,"No","lb2"
"886","q31",50,84,1.624056,2.69175,1,0,3.39910888671875,"No","lb2"
"887","q31",54,92,49.73277,68.89954,1,0,-0.353314369916916,"No","lb2"
"888","q31",55,92,41.86941,49.73277,2,0,-0.178230285644531,"No","lb2"
"889","q31",56,92,83.23207,41.86941,3,0,1.36194550991058,"No","lb2"
"890","q31",57,92,75.605,83.23207,4,1,0.0570120066404343,"No","lb2"
"891","q31",60,92,232.15328,326.8846,7,0,-1.90151977539062,"No","lb2"
"892","q31",61,92,71.03276,232.15328,8,0,-0.649726867675781,"No","lb2"
"893","q31",64,92,291.399314,207.3137,11,0,-0.0570239387452602,"No","lb2"
"894","q31",65,92,212.64336,291.399314,12,0,0.400603324174881,"No","lb2"
"895","q31",66,92,344.5105,212.64336,13,0,-0.167259961366653,"No","lb2"
"896","q31",67,92,280.365,344.5105,14,0,0.25740048289299,"No","lb2"
"897","q31",68,92,789.0332,280.365,15,0,0.0500000007450581,"No","lb2"
"898","q31",69,92,429.24058,789.0332,16,0,-1.10323333740234,"No","lb2"
"899","q31",70,92,204.2465,429.24058,17,0,-0.366790771484375,"No","lb2"
"900","q31",71,92,575.1116,204.2465,18,0,-0.346194982528687,"No","lb2"
"901","q32",34,31,6.740307,18.79135,1,1,-0.0013427734375,"No","lb2"
"902","q32",34,32,886.770187,2571.316,1,0,-0.0118637084960938,"No","lb2"
"903","q32",34,33,151.730132,359.9656,1,0,-0.00596370454877615,"No","lb2"
"904","q32",34,34,156.668939,1039.152,1,0,11.2687654495239,"No","lb2"
"905","q32",34,35,291.83692,760.18,1,0,-0.00344030978158116,"No","lb2"
"906","q32",34,36,13.78532,17.08576,1,1,0.00476837158203125,"No","lb2"
"907","q32",34,37,5.509444,36.15503,1,1,0.00482860673218966,"No","lb2"
"908","q32",34,38,11.335198,90.48537,1,0,2.60747694969177,"No","lb2"
"909","q32",34,39,10.07512,135.3096,1,0,0.00189284852240235,"No","lb2"
"910","q32",34,41,21.749876,168.6255,1,0,0.000457317772088572,"No","lb2"
"911","q32",35,32,271.198949,886.770187,2,0,0.29718017578125,"No","lb2"
"912","q32",35,33,51.423269,151.730132,2,0,-0.00168001197744161,"No","lb2"
"913","q32",35,34,52.197496,156.668939,2,0,11.1828212738037,"No","lb2"
"914","q32",35,35,108.767969,291.83692,2,0,0.209978342056274,"No","lb2"
"915","q32",35,41,7.927341,21.749876,2,0,-0.540569722652435,"No","lb2"
"916","q32",36,32,48.152136,271.198949,3,0,0.179435729980469,"No","lb2"
"917","q32",36,33,25.8985,51.423269,3,0,1.38575530052185,"No","lb2"
"918","q32",36,35,66.247843,108.767969,3,0,0.823310852050781,"No","lb2"
"919","q32",37,33,18.77995,25.8985,4,0,8.31366920471191,"No","lb2"
"920","q32",37,35,13.3035,66.247843,4,0,9.95101928710938,"No","lb2"
"921","q32",61,47,17.29886,9.22523,1,0,12.5730266571045,"No","lb2"
"922","q32",64,47,143.4869,86.84675,4,0,7.02487802505493,"No","lb2"
"923","q32",65,47,146.2862,143.4869,5,0,0.155481055378914,"No","lb2"
"924","q32",66,47,245.9219,146.2862,6,0,3.6084930896759,"No","lb2"
